designation	obsid	ra	dec	snrg	subclass	teff	teff_err	feh_err	feh	logg_err	logg	spectral_type	quality
J000003.39+633839.9	1146715038	0.0141594	63.6444177	92.75	A1	12514.6	39.86	0.033	0.945	0.055	3.892	kB9hA4mA1	
J000007.27+595539.7	1146701117	0.0303188	59.927699	133.89	A1							A0 II-III  Si	vgood
J000051.02+601702.9	1146701028	0.212594	60.2841494	160.39	A3							A1 II  SrSi	good
J000224.88+630725.3	1146715058	0.6037066	63.1237211	62.33	A2							kA0hA2mA4  SrSi	
J000411.85+641740.2	1169811129	1.0494156	64.2945161	434.73	A1							B9.5 III  Si	vgood
J000502.63+600231.8	1169801197	1.2609739	60.0421895	230.52	A1							B9.5 V  Si	vgood
J000718.55+602844.2	1169807170	1.8273188	60.4789621	168.17	A1							A0 IV  Si	good
J000851.27+525547.2	250912083	2.213657	52.929783	84.93	F0							kA2hA5mA8  SiEu	
J001234.64+641332.8	1146712028	3.1443356	64.2258051	163.29	A2							kB9hA1mA4  Si	
J002028.50+325538.1	81910032	5.118761	32.92725	87.91	F0	7254.56	69.35	0.057	-0.085	0.097	4.076	kA3hA7mA9  SiEu	
J003429.83+510405.6	836508075	8.625965	51.068848	266.43	A5	9437.9	27.55	0.015	0.768	0.034	3.909	A1 IV  SrSiEu	good
J003822.54+574217.3	1143315082	9.5939428	57.704812	119.65	A2	11304.8	50.19	0.039	0.806	0.068	3.626	kA0hA2mA5  SrSi	
J004033.39+483828.8	619009105	10.139162	48.641346	303.35	A1	11620.2	18.07	0.01	0.677	0.022	3.994	B9 III	vgood
J004124.05+565740.3	1171604167	10.3502328	56.9611977	86.68	A1	11822.9	32.81	0.027	0.729	0.046	3.819	B8 IV-V	good
J004746.33+572400.4	1171615175	11.9430829	57.4001157	122.31	A1	10301.9	50.27	0.039	0.455	0.068	3.646	B9.5 IV  Si	good
J004935.62+563512.8	469305068	12.398426	56.586916	289.58	A5	8890.96	52.15	0.029	0.772	0.064	4.198	A6 V  SrSiEu	good
J005004.73+082805.1	685615193	12.519741	8.468098	80.25	A2	10779.5	53.17	0.044	0.534	0.075	3.599	B9 V  Si	good
J005024.78+080147.9	1067904180	12.60200389	8.02998333	410.03	A1	8897.64	32.21	0.018	0.29	0.04	3.669	A1 IV-V  Sr	fair
J005231.00+471936.3	619006067	13.127282	47.326763	152.37	F0	7232.34	237.17	0.171	0.251	0.314	3.79	F2 V Sr Sr	good
J005238.53+720835.9	855012154	13.160578	72.143332	55.3	A1	10112.7	41.54	0.036	0.456	0.059	3.546	B9.5 IV  Si	vgood
J005339.95+371512.1	960704123	13.4164926	37.2533623	359.61	A1	9733.4	29.51	0.016	0.155	0.036	3.52	kB9hA8mA5  Sr	
J010128.36+603214.0	617410242	15.368181	60.537241	88.82	A1							B9.5 IV  Si	vgood
J011352.40+693001.5	1154716205	18.46588101	69.50011738	209.03	A1							B8 IV-V  Si	vgood
J012048.60+325718.3	842107068	20.2025131	32.9550902	234.42	A5							A0 IV  Si	good
J012244.66+511900.1	248306045	20.686094	51.316716	55.04	A5	9399.54	67.18	0.058	0.871	0.096	4.254	A0 III-IV  SrSiEu	good
J012334.69+305654.7	1070805143	20.892899	30.948531	583.39	A2	9273.85	29.97	0.016	0.071	0.037	3.51	B9.5 V  Si	vgood
J012803.74+703411.6	1154711170	22.0156071	70.5699075	257.27	A1							B8 IV  Si	vgood
J012831.80+614614.1	617413106	22.132507	61.7706	69.54	A2							B5 III	vgood
J012958.92+603535.1	617406049	22.495519	60.593093	100.6	A2	11873.7	43.36	0.035	0.839	0.06	3.832	B8 IV  Si	vgood
J013224.28+701545.5	1154711135	23.1011913	70.2626611	94.22	A1							B9.5 IV-V  Si	good
J013330.66+650134.7	1170816090	23.3777573	65.0263103	100.9	A1							B9 IV  Si	vgood
J013458.33+625725.4	1170810038	23.7430715	62.9570603	231.52	A1							Unclassifiable	
J013510.87+550925.1	468905185	23.79532	55.156979	175.35	F0							F0 V  (Sr)Si	good
J013536.90+602129.8	1073816246	23.903755	60.358285	68.64	A1	11917.6	33.82	0.029	0.612	0.048	4.032	B8 V  Si	vgood
J013538.72+650134.0	1170816218	23.909386	65.02589659	301.33	A1							B9.5 IV  Si	vgood
J013552.84+405611.1	959907104	23.970203	40.936439	151.75	A1	10726.9	68.33	0.049	0.683	0.09	3.609	B9 V  Si	vgood
J014204.07+595122.8	1073811088	25.516998	59.856349	94.78	A1	11141.7	42.59	0.035	0.629	0.059	3.757	B9 IV  Si	vgood
J014257.88+693706.7	1154712015	25.7411795	69.6185349	274.98	A1							B9 V  Si	vgood
J014436.51+623612.5	1170805084	26.1521372	62.6034893	228.79	A3							A0 III-IV  SrSi	vgood
J014720.19+562847.1	1073807218	26.834153	56.479759	60.23	A6	8924.43	47.78	0.041	0.359	0.068	3.8	A2 IV-V  SrSi	vgood
J014721.80+560416.3	1073807195	26.840861	56.071222	123.47	A1	11121.4	73.8	0.057	0.749	0.1	3.658	B9 IV  Si	vgood
J014752.30+630505.6	1170805129	26.9679403	63.0849027	193.55	A1							kB9hA1mA6  SrSi	
J015004.37+562111.1	1073807155	27.51821	56.353104	54.13	A1	9859.04	53.81	0.046	0.685	0.077	3.702	A0 IV  Si	good
J015136.09+620549.4	1170807216	27.9004067	62.0970831	606.72	A1							B8 IV-V  Si	vgood
J015407.55+585810.2	1073813152	28.531484	58.969508	50.52	A1	10832.6	46.45	0.04	0.614	0.066	3.725	A1 II-III  Si	good
J015548.60+590435.7	1073813103	28.952523	59.076601	75.81	A2	11601.5	58.6	0.049	0.891	0.082	3.965	A0 V  Si	fair
J015645.18+450615.0	496212123	29.1882719	45.1041678	53.35	F0	6895.14	86.65	0.075	0.042	0.124	3.876	kA2hA8mF5  Eu	
J015901.50+725637.3	1169907123	29.7562903	72.943706	389.38	A1							B8 IV-V  Si	good
J015911.14+585514.6	1073813189	29.796458	58.920745	68.21	A1	11899.1	43.14	0.037	0.905	0.061	3.948	B9 II-III  Si 	poor
J015950.95+470812.8	306904024	29.962304	47.136907	66.26	A6	9491.14	65.27	0.055	0.482	0.092	3.686	A2 IV  SrSi	good
J020141.06+561332.6	380811077	30.420316	56.225565	83.35	A1	12450.1	28.71	0.024	0.471	0.04	3.992	B8 V  Si	vgood
J020259.33+624046.6	1170806224	30.747234	62.67963	83.2	A2	12168.1	32.57	0.027	0.826	0.046	4.216	B9.5 II-III  Si	good
J020633.18+545952.2	1157103154	31.6382546	54.9978335	79.68	A1	10669.2	58.33	0.049	0.616	0.082	3.644	B9.5 III-IV  Si	vgood
J020657.75+543932.5	380804232	31.74043583	54.65877278	533.62	A5	9618.28	62.51	0.034	0.848	0.077	4.015	kA2hA7mA7  SiEu	
J020706.23+501849.6	301508209	31.775973	50.313791	79.11	F0							kA5hA7mF1  SiEu	
J020736.71+550008.6	1171103043	31.9029997	55.0024015	131.66	A1	12039	53.4	0.04	0.837	0.072	3.862	B9 III	vgood
J020749.37+433508.8	615715206	31.9557372	43.5858044	120.75	F0	6707.76	42.69	0.033	-0.461	0.058	3.981	kA5hA7mA8  Eu	
J020901.99+563403.8	1187216216	32.2583308	56.5677277	102.43	A2	11188.1	29.64	0.024	0.656	0.041	4.371	B9.5 II-III  Si	vgood
J021006.35+560059.6	1171115079	32.5264715	56.0165592	89.13	A1	12000.9	34.89	0.029	0.82	0.049	3.843	A5 mA0 metal weak	
J021448.81+562211.0	1157715040	33.703389	56.3697362	62.34	A1	12048.3	53.54	0.046	0.743	0.076	4.022	B9 III  Si	good
J021521.10+272900.5	173113203	33.837926	27.483486	178.89	F0	6890.44	124.36	0.084	-0.389	0.161	3.872	kA3hA7mF0  SiEu	
J021706.32+571525.2	1158211146	34.2763436	57.2570026	157.25	A5							kA0hA2mA3  Si	
J021715.97+451509.4	631613157	34.316552	45.252632	91.8	A5	9129.7	87.68	0.072	0.983	0.122	4.441	kA2hA9mF0  SiEu	
J021731.61+553623.4	380713187	34.381721	55.606526	85.9	A1	10923.2	43.28	0.036	0.604	0.06	3.689	B9 III-IV  Si	vgood
J021838.32+562950.3	1157109077	34.6596845	56.4973177	62.46	A2	10046.5	65.65	0.056	0.721	0.093	3.623	B9.5 III-IV  Si	good
J021932.81+563243.3	1158209080	34.8867242	56.5453836	140.74	A3	11870.9	50.52	0.038	0.91	0.068	4.109	A1 II  (Sr)SiEu	good
J022218.06+374435.5	363202194	35.5752566	37.7431954	69.22	A1	9598.15	69.08	0.058	0.786	0.098	3.983	A0 IV  SrSiEu	good
J022303.91+544453.9	836605191	35.766332	54.748331	185.06	A1	12139.4	16.17	0.011	0.451	0.021	4.128	B7 V  Si	vgood
J022726.67+540721.2	836605206	36.86113	54.122572	214.58	A1	9554.57	41.97	0.026	0.179	0.053	3.503	B9 V  Si	vgood
J022835.30+560302.1	836604042	37.1470889	56.0506086	495.17	A2							A2 III-IV  SrSi	fair
J023137.61+550021.8	1157713060	37.9067128	55.0060692	97.26	A1	10847.2	56.52	0.046	0.715	0.078	3.652	B9.5 III-IV  Si	good
J023200.25+564112.8	1059114016	38.001072	56.686911	193.53	A1	11129.8	42.38	0.027	0.745	0.054	3.945	B9.5 III  Si	poor
J023230.19+510113.5	206310110	38.125822	51.020427	52.87	F0	7578.52	50.74	0.044	0.511	0.072	4.081	kA6hA8mF1  SiEu	
J023821.04+303033.6	698709176	39.587692	30.509351	65.1	F0	6794.66	58.76	0.05	-0.542	0.083	4.007	F3 V	good
J024142.24+541609.4	1069502245	40.426034	54.269301	500.41	A2							A0 Ib-II  SrSiEu	good
J024357.60+574109.1	1069511175	40.990005	57.685874	100.71	F0	8036.17	97.48	0.079	0.798	0.135	4.077	kA7hA7mF0  SiEu	
J024748.93+560414.8	1059104235	41.95388	56.070793	183.4	A1	11781.8	30.69	0.02	0.888	0.039	3.988	Unclassifiable	
J025107.29+535212.6	1069507207	42.780389	53.870168	65.71	A1	10726.1	39.87	0.034	0.611	0.056	3.697	A0 III  Si	vgood
J025154.76+505706.2	206308163	42.9781773	50.9517404	197.28	A1	9558.04	38	0.024	0.267	0.048	3.524	A0 V  Si	vgood
J025309.19+074221.1	76205065	43.288301	7.705862	398.26	F0	6945.75	43.11	0.024	-0.201	0.053	4.089	kA4hA7mF0  Eu	
J025546.91+533026.9	1059107135	43.9454962	53.507484	75.34	A1	12652.2	32.69	0.027	0.701	0.046	4.225	B9 II-III  Si	vgood
J025622.13+570656.3	1059112082	44.092243	57.115642	118.06	A1	11324.6	42.05	0.033	0.76	0.057	3.723	Unclassifiable	
J025629.11+462550.0	172005177	44.121311	46.430561	82.8	A5							kA2hA5mA8  SiEu	
J025646.82+234415.0	209107126	44.195116	23.73752	50.37	F0							kA5hA8mA9  SiEu	
J025930.90+565453.3	840811090	44.878753	56.914818	336.49	A1	12246.3	10.41	0.006	0.51	0.013	4.078	B8 III-IV  Si	vgood
J030137.44+020959.4	252913065	45.40603	2.16651	93.81	A1	11334.1	54.71	0.045	0.707	0.076	3.915	B9.5 III  Si	vgood
J030238.93+541029.5	840708181	45.6622286	54.1748739	84.47	A1	9617.26	59.97	0.05	0.612	0.084	3.576	kA0hA8mA6  SiEu	
J030248.59+470522.3	263610202	45.702474	47.089542	66.67	F0							A9 V  SrSiEu	good
J030522.11+533409.7	840707101	46.3421481	53.5693803	57.22	A5	8720.64	88.85	0.076	0.852	0.127	3.977	A1 IV  SrSi	good
J030638.53+484804.1	606512150	46.66058	48.801142	116.76	A5	8786.65	65.94	0.052	0.314	0.09	3.927	A7 V  SrSi	vgood
J030719.90+420849.8	393602149	46.83180694	42.14717444	240.48	F0	6977.99	50.76	0.029	-0.187	0.063	3.972	F3 V Fe-0.7 Sr Sr	good
J030719.63+420849.7	84707193	46.831818	42.147148	356.89	F0	6888.06	39.81	0.022	-0.16	0.049	3.991	F3 V Fe-0.5 Sr Sr	good
J031723.33+450201.1	393609102	49.34633556	45.03365611	317.06	A1	10669	8.79	0.005	-0.087	0.011	3.59	B8 V  Si	vgood
J031748.89+384218.9	977404133	49.4537497	38.7052695	565.35	A1	12030.2	9.21	0.005	0.538	0.011	3.815	B9 IV  Si	good
J032106.34+511432.7	688504099	50.276422	51.242429	76.88	A1	10810.1	34.13	0.029	0.261	0.048	3.732	A0 III  Si	good
J032225.05+572341.9	251115215	50.604397	57.394978	85.43	A1	10651	20.76	0.017	0.016	0.029	3.864	A1 III	vgood
J032438.25+511729.0	393116125	51.15938	51.2914033	74.92	A2	12199.7	32.67	0.027	0.66	0.046	3.842	A0 II	vgood
J032808.10+561811.1	537604055	52.031554	56.303092	127.63	A1	11637	26.28	0.02	0.639	0.036	4.131	B9 IV  Si	vgood
J033033.96+430204.2	1185111171	52.6415262	43.0345275	106.67	A1	11720.6	36.59	0.029	0.831	0.05	3.748	B8 V  Si	good
J033305.36+433944.2	96715141	53.272354	43.662303	77.27	A5							kA2hA4mA7  SiEu	
J033305.36+433944.3	408701022	53.2723722	43.6623075	61.23	A5							kA2hA5mA8  SiEu	
J033559.72+473701.6	1089107038	53.998857	47.617116	79.34	A1							A0 IV  Si	vgood
J033636.45+450412.7	408708102	54.15251694	45.07009861	156.51	A2	12194.7	17.35	0.012	0.512	0.023	4.132	B9 III  Si	vgood
J033636.60+450412.4	34210165	54.152518	45.070126	286.64	A1	12254	9.75	0.005	0.499	0.012	4.193	B7 V  Si	vgood
J033820.19+603724.0	1146814119	54.584161	60.6233411	101.19	A3	12156.3	35.18	0.028	0.955	0.049	3.958	B9 II-III  Si	good
J033832.58+313728.6	1170912006	54.6357773	31.6246351	84.82	A1	12282.3	50.5	0.042	0.962	0.071	4.274	B8 IV  Si	good
J033850.55+505106.9	1159710238	54.7106525	50.8519267	104.47	A1	11037.9	34.64	0.028	0.481	0.048	3.563	B9 III-IV  Si	vgood
J033904.18+600148.3	1146910088	54.7674497	60.0300914	62.53	A1	12221.1	30.22	0.026	0.573	0.043	3.685	B7 V  Si	vgood
J033938.59+553654.8	1058306100	54.912762	55.614831	145.95	A1	12377.2	29.12	0.021	0.902	0.039	3.941	Unclassifiable	
J034131.58+493226.2	1159702203	55.3815866	49.5406336	318.22	A2	12268.8	28.74	0.016	0.907	0.035	3.865	B9.5 II-III  Si	vgood
J034134.70+245153.4	837714104	55.3945904	24.8648477	306.32	F0							A7 V  SrSiEu	good
J034141.15+582916.8	1146902179	55.4214933	58.4880201	223.28	A1	12421	12.37	0.007	0.585	0.015	4.042	B8 IV  Si	vgood
J034145.51+605757.8	1146815101	55.4396449	60.9660609	86	A1	11578.6	38.15	0.031	0.83	0.053	4.03	B9 III  Si	good
J034228.60+493608.0	1159702222	55.6191674	49.6022332	78.8	A5	11228.4	86.91	0.073	0.954	0.122	3.773	kA0hA2mA3  Si	
J034306.26+602749.2	1146803192	55.7761205	60.4636798	129.35	A1	11998	33.7	0.026	0.909	0.046	4.302	B9 II-III  Si	vgood
J034455.77+595201.4	1146803008	56.2323779	59.8670777	104.02	A1	10604.7	47.58	0.038	0.611	0.066	3.709	A0 III-IV  SrSi	vgood
J034514.89+573919.8	1082912037	56.312077	57.655509	52.91	A2							A0 II  (Sr)Si	vgood
J034624.42+584710.8	157915067	56.601786	58.786341	251.91	A1	12129	11.91	0.007	0.462	0.015	4.283	B8 V	vgood
J034833.30+583339.2	1146802132	57.1387733	58.5609049	99.19	A1	11388.4	47.28	0.038	0.74	0.065	3.764	B9.5 III  Si	vgood
J034910.90+525605.8	1159715026	57.2954463	52.9349683	96.06	A1							B7 V  Si	fair
J035110.76+580841.8	1146801135	57.7948496	58.1449554	80.56	A1	12062	32.02	0.027	0.781	0.045	3.945	Unclassifiable	
J035111.24+484702.9	374601124	57.7968644	48.7841575	53.67	A5	9650.94	65.24	0.056	0.906	0.093	4.244	kA1hA7mA7  SiEu	
J035209.39+500303.8	374608152	58.0391639	50.0510789	413.84	A1	10697.2	10.92	0.006	0.257	0.013	3.781	B9 V  Si	vgood
J035331.28+414316.4	259716051	58.3803486	41.721235	109.4	F0	6816.26	159.98	0.127	-0.042	0.22	3.872	kA3hA4mF1  SiEu	
J035410.37+363226.8	182012133	58.543236	36.540798	123.92	F0	6754.76	124.18	0.096	-0.314	0.168	4.108	F4 V Sr	good
J035546.02+481518.6	1208915108	58.9417708	48.2551857	53.36	A1	11416.7	27.46	0.024	0.487	0.039	3.894	B9.5 III	good
J035634.15+543051.0	864510055	59.142307	54.51419	252.35	A3							kA1hA7mF0  SiEu	
J035737.85+613134.9	1146909072	59.4077186	61.5263685	444.59	A1	12329.3	13.86	0.008	0.683	0.017	3.994	B8 IV  Si	good
J035812.01+540619.2	864510123	59.550063	54.105355	105.53	A1	10865.1	32.78	0.026	0.483	0.045	3.577	Unclassifiable	
J040129.80+363328.6	87701184	60.374176	36.557949	52.06	F0	7421.2	29.16	0.025	-0.118	0.042	4.009	A8 mA4 metal weak	
J040411.29+490053.3	400011022	61.04706	49.014807	88.63	A2	11410.4	34.26	0.028	0.369	0.048	3.687	B8 V  Si	vgood
J040419.96+614548.3	1146912172	61.0831835	61.7634202	328.28	A1	12656.7	13.23	0.007	0.875	0.016	3.956	Unclassifiable	
J040547.67+594528.9	1146906197	61.4486269	59.7580358	213.72	A1	10368.6	75.93	0.047	0.699	0.095	3.544	B9 V  Si	good
J040624.81+531206.6	354102071	61.6033917	53.2018469	55.5	A1	12297.4	33.49	0.029	0.806	0.048	3.809	A0 II  Si	vgood
J040802.36+352707.8	212409109	62.009846	35.45218	100.82	A7	8879.43	61.43	0.049	0.739	0.085	4.292	A8 V  SrSiEu	vgood
J040826.98+695634.3	1202015050	62.1124548	69.9428879	249.9	A5							A1 IV  SrSi	good
J040937.16+530206.3	864501137	62.4048682	53.0350854	338.61	A2	9531.99	71.52	0.039	0.807	0.088	3.617	A0 IV-V  Si	good
J041033.08+264137.0	393214009	62.6378436	26.6936206	174.04	A5	9486.97	95.77	0.065	0.912	0.124	3.967	A0 III-IV  SrSiEu	good
J041036.10+231114.6	286916021	62.6504492	23.1874017	121.41	F0	7103.86	151.6	0.117	-0.322	0.206	3.995	F2 V Fe-0.6 Sr Sr	good
J041128.07+235706.3	796811086	62.8669806	23.9517533	101.45	F0	6924.26	71.68	0.058	-0.554	0.099	4.082	A3 II  SrSiEu	good
J041128.07+235706.2	170606047	62.866982	23.951739	60.21	F0	6843.45	53.65	0.046	-0.586	0.076	4.044	F3 V Fe-0.9 Sr	good
J041140.28+422338.2	37703058	62.91785	42.393959	52.16	F0	7013.1	50.3	0.043	-0.478	0.072	3.961	kA3hA6mA8  Eu	
J041157.32+444036.6	177707243	62.988874	44.676834	50.32	A2							kA0hA4mA9  Si	
J041233.79+532245.9	354108223	63.1408306	53.3794394	50.92	A5	7177.36	145.99	0.126	-0.163	0.209	4.006	kA1hA5mF0  SiEu	
J041254.84+101244.8	648502092	63.2285	10.2124639	114.99	A5	10223.2	127.68	0.1	0.938	0.175	4.137	kA2hA9mA7  SrEu	
J041257.10+512116.2	535714208	63.2379397	51.3545086	121.78	A1	11830.9	37.67	0.029	0.759	0.051	3.765	A0 II-III  Si	vgood
J041407.67+473146.8	1208913065	63.5319951	47.5296683	159.63	A1	11291.7	73.99	0.053	0.823	0.097	3.677	B8 V  Si	good
J041509.96+401428.3	190201063	63.791534	40.241203	440.68	A1	11503.7	8.75	0.005	0.214	0.011	3.995	F0 mB7 V Lam Boo	
J041740.63+460212.9	1173610009	64.4193161	46.0369407	83.13	A1	12018.7	37.16	0.031	0.798	0.052	3.9	B9 III  Si	vgood
J041800.08+443032.2	190211139	64.500342	44.508972	146.62	A2							Unclassifiable	
J041837.73+452954.2	1206410059	64.6572447	45.4983895	107.9	A1	11715.1	37.1	0.03	0.864	0.051	4.235	A0 II-III  (Sr)Si	vgood
J041900.53+470143.3	263704054	64.7522178	47.0286992	80.56	A1	11509	47.85	0.04	0.933	0.067	3.824	B9.5 III  Si	vgood
J042230.91+461927.7	1206403194	65.6288278	46.3243798	142.79	A1							A0 IV-V  Si	vgood
J042257.57+465234.4	1173614067	65.7398955	46.8762472	80.86	A1	11678	26.4	0.022	0.612	0.037	4	A0 II-III  Si	good
J042327.25+493749.0	379005043	65.8635708	49.6302931	95.59	A2	9783.66	44.56	0.036	0.404	0.062	3.609	A0 IV-V  Si	vgood
J042336.20+472927.2	592109118	65.90086	47.490913	50.19	A2	11226.7	34.08	0.03	0.359	0.049	3.698	B9.5 III  Si	vgood
J042339.46+505434.9	109409172	65.914426	50.909695	128.9	A1							B5 III-IV	vgood
J042349.52+503505.1	379004005	65.9563547	50.58476	100.57	A5	9627.27	94.76	0.076	0.849	0.131	4.209	A3 III-IV  SrSiEu	good
J042423.01+423648.6	962002103	66.095891	42.613521	82.25	A1	10973.7	32.82	0.027	0.217	0.046	3.581	B8 V  Si	vgood
J042519.05+451621.3	1173605164	66.3294114	45.2726027	56.29	A3							A1 III-IV  SrSi	good
J042537.25+520502.7	535715146	66.4052378	52.0841033	114.83	F0	7434.28	145.63	0.114	0.281	0.199	3.684	kA3hA7mF1  SiEu	
J042559.89+421610.7	190209226	66.499548	42.269646	106.32	A2							B8 IV-V	vgood
J042609.71+540650.5	169315102	66.540461	54.114033	110.43	A1	10095.3	27.56	0.022	0.318	0.038	3.738	A0 III-IV  Si	vgood
J042623.02+442412.4	962003193	66.595953	44.40347	74.26	A1	9970	78.03	0.066	0.811	0.11	3.674	B9 IV-V  Si	vgood
J042633.03+434916.1	190212184	66.637649	43.821159	246.68	A2							B9 III	vgood
J042634.01+405557.0	37707193	66.641725	40.932507	203.8	A2	11308.6	14.72	0.009	0.423	0.019	3.802	B9.5 III-IV  Si	vgood
J042634.04+405601.2	603010025	66.64172639	40.93250889	160.43	A2	11141.5	18.62	0.013	0.392	0.024	3.883	B8 V  Si	vgood
J042739.43+340542.9	166104248	66.914317	34.095259	76.1	F0	7503.05	82.58	0.069	0.113	0.116	3.837	kA6hA8mF0  SiEu	
J042747.53+462700.0	1206404175	66.94895156	46.44927587	297.75	A1	12983.9	10.13	0.006	0.696	0.012	4.115	B2 V	fair
J042909.77+521553.9	29810150	67.290735	52.264996	66.13	A7							kA3hF1mF6  Eu	
J042926.31+445759.6	960103045	67.3596603	44.9665619	293.32	A3	9333.22	85.2	0.047	0.773	0.105	3.686	A0 IV  SrSi	good
J042936.24+481634.0	1206411195	67.4010046	48.2761243	195.65	A1	11904.2	19.43	0.013	0.544	0.025	4.003	Unclassifiable	
J043009.60+072639.5	648716130	67.5400214	7.4443142	213.59	F0	7020.97	47.55	0.029	-0.277	0.06	4.017	kA3hA5mA9  Eu	
J043122.61+460925.0	960115082	67.8442256	46.1569647	369.34	A1	12271.7	15.84	0.009	0.88	0.02	4.052	B8 III-IV  Si	vgood
J043202.23+445648.1	1206405200	68.0093281	44.9467191	52.27	A1	11397.8	28.73	0.025	0.441	0.041	3.852	B9.5 III  Si	vgood
J043300.13+431037.8	603016126	68.24996556	43.176225	275.88	A7	7527.42	31.87	0.018	-0.203	0.039	3.995	A9 V  SrSiEu	vgood
J043304.77+440146.8	1206401230	68.2699016	44.0296756	391.03	A1	12295.7	10.51	0.006	0.713	0.013	4.039	B8 V  Si	good
J043419.63+452524.8	1206408021	68.5818032	45.4235564	107.21	A1	11858.6	45.06	0.036	0.979	0.062	3.806	B8 IV-V  Si	good
J043527.84+091701.5	425613191	68.8660278	9.2837656	142.58	F0	7154.88	100.39	0.074	-0.243	0.134	4.046	F2 V Fe-0.5 Sr Sr	good
J043555.22+420517.8	295315173	68.980105	42.088294	52.33	A2							B9 II-III  Si	vgood
J043619.50+602231.3	647010190	69.081259	60.375373	70.93	F0	7115.59	197.28	0.167	-0.082	0.279	3.511	kA3hA7mF0  SiEu	
J043642.16+181710.0	966006205	69.1756854	18.2861282	86.07	A5	9581.31	78.11	0.064	0.786	0.109	4.168	kA2hA5mA7  SiEu	
J043642.16+181710.1	1048711234	69.1757013	18.2861566	96.2	A5	9377.98	63.67	0.052	0.917	0.088	4.136	kA2hA7mA7  SiEu	
J043657.86+473217.0	1206412076	69.2411064	47.5380652	267.4	A1							kB7hB9mA0  Si	
J043800.49+525800.1	1073503211	69.502078	52.966716	107.95	A2	10754.7	63.66	0.051	0.765	0.088	3.667	B9 V  Si	vgood
J043801.57+553158.4	1074103093	69.506556	55.532905	78.86	A1	11164.8	41.15	0.034	0.521	0.058	3.565	B9.5 III-IV  Si	vgood
J043802.33+444741.3	1206407106	69.5097131	44.7948292	95.61	A3	11547	81.87	0.067	0.91	0.114	3.674	B9.5 III  Si	vgood
J043813.10+463118.9	1173609127	69.5546137	46.5219278	52.13	A3	11983.9	33.26	0.029	0.791	0.048	3.932	B9.5 II-III  Si	good
J043909.68+395018.5	603008212	69.78875667	39.83880833	245.17	A6	8776.24	20.33	0.012	0.03	0.025	3.754	A1 V  SrSi	vgood
J043923.74+470755.5	960112060	69.8489167	47.1320886	65.87	A2	12311.7	34.14	0.029	0.84	0.048	4.11	kB9.5hA1mA2	
J044010.41+451507.5	1173606018	70.0433914	45.2520988	68.21	A1	12053.8	38.15	0.032	0.821	0.054	3.797	B9 II-III  Si	vgood
J044023.09+432043.2	603011037	70.0962244	43.3453347	120.7	A5	9051.91	44.75	0.035	0.349	0.061	3.802	A6 V  SrSiEu	vgood
J044145.20+380806.3	842414158	70.43835	38.1351083	138.49	F0							kA4hA7mA9  Si	
J044212.55+580056.6	1074111165	70.552293	58.015729	55.79	A1	10905.1	60	0.052	0.895	0.086	3.673	Unclassifiable	
J044526.01+413747.8	603013236	71.358405	41.6299581	60.96	F0	7230.63	42.23	0.036	-0.099	0.06	4.125	F0 V SrSi	vgood
J044533.35+185741.8	649401242	71.38765083	18.96161972	147.44	A1	12224.8	48.01	0.035	0.893	0.064	3.976	B8 III-IV  Si	vgood
J044644.30+282647.0	473411222	71.6845912	28.446412	77.91	A1							B9.5 V  Si	vgood
J044717.23+454443.3	217901131	71.821797	45.74537	105.5	A5	8785.66	48.74	0.039	0.286	0.067	3.68	A3 IV  SrSi	vgood
J044806.72+431649.4	309102133	72.0280361	43.2804092	295.97	A2							B8 III  Si	vgood
J044910.87+231216.8	711006012	72.295299	23.204685	119.66	F0	7551.08	100.93	0.078	0.184	0.137	3.927	kA2hA5mA8  SiEu	
J044936.18+531322.5	1073509041	72.400774	53.222944	67	A1	11903.2	49.36	0.042	0.989	0.07	3.57	A0 II  Si	good
J044957.36+392514.3	842411183	72.4890039	39.4206478	94.45	A1	10786.1	27.73	0.023	0.044	0.039	3.93	B9.5 III-IV  Si	vgood
J045049.19+453510.5	217807163	72.704965	45.586265	138.65	A5	8829.31	49.51	0.037	0.092	0.066	3.636	A4 IV-Vn	vgood
J045124.73+400848.7	295306151	72.853069	40.146875	82.36	F0							kA4hA6mA9  SiEu	
J045138.13+540944.5	1085908210	72.908878	54.162381	67.02	A1	12394.5	34.63	0.029	0.79	0.049	4.206	B7 V  Si	vgood
J045142.79+325235.4	1205916099	72.928333	32.8765156	525.35	A2							Unclassifiable	
J045149.91+335658.1	309806042	72.9579728	33.9494775	73.2	A2							B5 V	good
J045157.56+380848.1	842409155	72.989855	38.1467101	157.7	A1	12208.9	20.43	0.015	0.667	0.027	4.075	B8 IV  Si	vgood
J045331.76+540104.6	492310021	73.382363	54.017971	58.5	F0	7392.62	47.47	0.041	-0.185	0.068	3.875	A7 V  SrSiEu	good
J045457.04+334457.2	1205916238	73.7376773	33.7492426	220.28	A1	12362.1	16.57	0.01	0.864	0.021	4.124	B8 IV  Si	vgood
J045618.45+550017.2	492214165	74.076903	55.004796	101.82	A2	12302.1	26.84	0.022	0.724	0.037	4.099	B9.5 II  Si	vgood
J045713.62+104843.9	183508003	74.306754	10.812207	56.31	A2	8812.21	100.93	0.087	0.874	0.144	3.653	A0 IV  SrSiEu	good
J045752.44+455322.9	1186605154	74.4685078	45.8897179	369.64	A1							Unclassifiable	
J045811.03+484736.7	1186616020	74.5459965	48.7935538	123.37	A3	12294.9	32.5	0.025	0.904	0.044	4.288	Unclassifiable	
J045837.74+322709.0	1205915120	74.6572874	32.4525103	88.16	A1	11644.8	31.21	0.026	0.833	0.044	4.08	B9.5 III  Si	good
J045930.18+334516.1	1185911222	74.8757616	33.7544798	68.55	A5							A0 III-IV  SrSiEu	good
J045953.26+402407.4	1208114211	74.9719491	40.402072	92.59	A1	11890.6	45.03	0.037	0.892	0.063	3.858	B7 V  Si	good
J050004.14+371107.2	842413061	75.0172914	37.1853536	199.18	A1							kB8hA1mA5  Si	
J050106.13+373125.1	842413036	75.2755717	37.5236525	182.48	A1	10206.8	40.08	0.027	0.67	0.052	3.692	B9 IV-V  Si	good
J050132.55+415904.9	257011212	75.385629	41.984719	63.11	A2	12214.7	38.31	0.033	0.564	0.054	4.031	B9.5 II-III  Si	vgood
J050233.37+433558.1	39206076	75.639083	43.599489	162.79	A2							B8 III-IV	vgood
J050325.32+334509.6	1205911245	75.8555311	33.7526723	128.7	A1							B9 V  Si	vgood
J050349.92+190602.6	266203213	75.958008	19.100726	52.93	A1	8843.53	63.01	0.054	0.128	0.09	3.796	A1 IV-V  SrSi	good
J050358.48+215151.4	805606181	75.993683	21.8643	557.65	A1							B4 V	good
J050428.78+215047.0	202203154	76.11992	21.846399	54.94	A7	7845.17	52.58	0.045	-0.027	0.075	3.92	kA6hA8mF0  SiEu	
J050451.10+331837.1	1185909100	76.2129309	33.3103241	61.93	A3	11748.2	41.91	0.036	0.873	0.06	3.97	A0 II  (Sr)Si	good
J050549.45+415619.9	1208116027	76.4560787	41.9388873	76.02	A3							B8 IV	good
J050639.32+221737.7	202204031	76.663852	22.293822	71.62	A6	8792.7	70.53	0.059	0.848	0.1	3.708	kA5hA6mF0  SiEu	
J050726.28+455635.7	1186608017	76.8595235	45.943271	135.61	A1	11681.4	27.3	0.021	0.647	0.037	4.07	B9 III-IV  Si	vgood
J050739.87+151255.7	1069908033	76.9161666	15.215475	110.28	A1	11039.7	45.3	0.036	0.581	0.062	3.602	B9.5 III  Si	good
J050818.62+454653.0	1186608115	77.0776122	45.7814068	187.96	A1	12089.9	27.39	0.018	0.825	0.035	4.118	B9.5 II-III  Si	vgood
J050854.46+305203.5	1185906013	77.2269307	30.8676633	67.91	A1	11947.2	56.75	0.048	0.779	0.08	3.748	B8 IV  Si	good
J050908.46+392322.2	405706035	77.285276	39.389501	65.01	A2	12261.6	49.11	0.042	0.676	0.07	4.007	A0 II  Si	vgood
J050912.96+314823.7	1205906031	77.304003	31.8065959	100.64	A5	12011.9	70.15	0.057	0.927	0.097	4.108	A1 II  SrSiEu	good
J050929.52+384638.5	1208105125	77.3730003	38.7773729	54.44	A1							kB9.5hA1mA3  Si	
J051015.66+304121.8	1205907121	77.5652885	30.6893985	271.61	A1	11334.9	35.98	0.02	0.552	0.044	3.725	kB8hF0mA6	
J051054.02+343924.9	116709033	77.725095	34.656935	56.7	A5	9606.58	63.35	0.054	0.943	0.09	3.903	A5 IV  SrSiEu	good
J051111.12+405559.1	1208115141	77.7963636	40.9330938	88.43	A1	12109	41.26	0.034	0.788	0.058	3.974	B8 IV  Si	vgood
J051210.18+311247.2	89402087	78.042458	31.213124	53.27	A5	8744.52	44.17	0.038	0.727	0.063	4.313	kA2hA4mA7  SiEu	
J051230.88+452201.9	1186607105	78.12869	45.3671946	128.72	A1	11602.9	34.67	0.026	0.678	0.047	3.788	B9.5 III  Si	vgood
J051309.07+413930.3	167503122	78.287828	41.658417	142.84	A1	9561.4	36.77	0.027	-0.083	0.049	3.531	A0 V  Si	vgood
J051313.97+423414.2	1208111158	78.3082185	42.5706265	74.59	A1	11467.5	50.15	0.042	0.683	0.071	4.032	kB9hA0mA2	
J051354.57+405038.0	1208115166	78.4773831	40.8439028	51.99	A1	11689.1	69.11	0.06	0.762	0.099	3.797	B9 III  Si	vgood
J051433.92+143740.8	843202072	78.6413545	14.6280183	134.36	A1	11678.5	38.55	0.029	0.749	0.052	4.219	B9 III-IV  Si	vgood
J051437.86+345431.8	1156702081	78.6577526	34.9088392	53.4	A1	12420.7	35.94	0.031	0.957	0.051	3.995	B8 IV	good
J051441.90+180725.1	843216101	78.6746078	18.1236528	115.93	A1	11487.5	24.3	0.019	0.37	0.033	3.739	Unclassifiable	
J051526.40+383302.1	1208107220	78.8600108	38.5506032	115.35	A1							B9.5 V  Si	good
J051646.04+373358.6	1171816162	79.1918437	37.5662799	66.29	A1	12106.9	35.46	0.03	0.761	0.05	4.087	B9 III  Si	vgood
J051745.74+353632.4	1189610211	79.4405963	35.6090276	227.8	A1	11206.5	18.5	0.011	0.243	0.023	3.735	B8 V  Si	vgood
J051755.89+384157.9	40515157	79.482899	38.699437	86.12	A1	11138.9	32.5	0.027	0.413	0.045	3.741	B8 V  Si	vgood
J051810.75+342342.0	1185502102	79.5448004	34.3950071	147.08	A1	10299.9	50.84	0.037	0.369	0.068	3.577	B9.5 III-IV  Si	vgood
J051819.94+371247.2	1171815108	79.5831039	37.2131243	70.02	A1							kB9.5hA1mA3  Si	
J051929.35+373421.7	1189615087	79.8723218	37.5726995	62.1	A1	10631.7	35.6	0.03	0.32	0.051	3.654	B9 IV-V  Si	good
J051934.43+363200.4	1147610162	79.8934958	36.5334455	149.91	A1	10663.6	44.97	0.033	0.543	0.06	3.665	B9 V  Si	vgood
J051944.13+345013.9	89411197	79.933875	34.837219	252.74	A2	12460.7	16.22	0.009	0.776	0.02	3.966	B8 III-IV	vgood
J051950.95+365214.8	43304129	79.962309	36.870805	67.13	F0	7409.73	111.57	0.095	0.153	0.158	3.65	kA3hA6mA9  SiEu	
J052042.28+361319.2	1187703040	80.1762052	36.2220171	51.45	A1	10929.7	47.07	0.041	0.398	0.067	3.93	B9.5 III-IV  Si	vgood
J052059.14+453336.3	307308232	80.2464236	45.560085	166.86	F0							kA6hA8mF0  SiEu	
J052108.98+521008.7	425710025	80.2874414	52.1690901	247.92	F0							A9 V  SrSiEu	good
J052212.07+365000.0	1145004250	80.5502919	36.8333365	444.56	A2							B8 III-IV  Si	good
J052214.21+560453.6	308101118	80.5592208	56.0815578	71.36	A5	7453.41	49.32	0.042	0.491	0.07	3.847	kA1hA5mF0  SiEu	
J052222.14+311110.8	1207110227	80.5922685	31.1863523	50.11	A1	11681.7	52.67	0.046	0.672	0.075	3.801	B9.5 III  Si	vgood
J052222.86+463358.8	525508145	80.595258	46.566345	65.07	A2	9254.93	44.82	0.038	-0.042	0.064	3.532	A0 V  Si	vgood
J052244.93+340438.8	1157801101	80.6872304	34.0774485	73.89	A5	11043.1	63.57	0.053	0.74	0.09	3.617	B9 IV  Si	good
J052256.19+361511.7	1158804039	80.7341658	36.2532674	65.42	A1	11704.4	52.58	0.045	0.575	0.075	3.759	B7 IV-V	good
J052301.62+274102.3	1204614243	80.7567549	27.6839929	87.64	A1	9448.56	59.82	0.049	0.529	0.084	3.519	kB9hA7mA5	
J052323.31+382959.7	1145711199	80.8471611	38.4999332	122.46	A1	11414.2	48.87	0.038	0.745	0.066	3.778	B8 IV-V  Si	vgood
J052355.82+351948.0	1147602050	80.982584	35.3300106	203.49	A1	10403.6	41.71	0.026	0.654	0.053	3.627	B9 V  Si	vgood
J052441.37+355627.7	1158304087	81.1723819	35.9410431	57.43	A1	11266.9	32.71	0.028	0.781	0.047	3.872	B9 III-IV  Si	fair
J052449.98+371112.5	1145715174	81.2082853	37.1868117	108.52	A1	11692.2	27.65	0.022	0.692	0.038	3.849	B9 III  Si	vgood
J052456.50+380338.9	1147616154	81.2354415	38.0608297	142.78	A1							Unclassifiable	
J052509.64+284448.3	258905097	81.290188	28.746755	90.6	A1	11749.4	28.17	0.023	0.219	0.039	3.893	F1 mB7 V Lam Boo	
J052511.72+054134.9	768411035	81.29885	5.6930363	96.79	F0	7722.66	152.39	0.124	0.413	0.211	3.641	A9 mA3 metal weak	
J052534.84+405841.7	42614104	81.395174	40.978277	169.44	A1							B8 III  Si	vgood
J052554.52+322715.4	89708056	81.477182	32.454296	89.69	A5							kA2hA9mF0  SiEu	
J052614.47+353454.2	1158308166	81.5603104	35.5817248	62.71	A0	11649.1	46.35	0.04	0.854	0.066	4.064	B9 III  Si	good
J052618.68+374030.1	1147515089	81.5778724	37.6750363	68.55	A1							B8 IV  Si	good
J052618.70+374029.9	1157809081	81.5779318	37.6749941	95.45	A1	12257	31.36	0.025	0.808	0.044	4.051	B6 V  Si	good
J052621.01+384140.6	1157811112	81.5875725	38.6946326	93.04	A1	11578	32.17	0.026	0.296	0.045	4.061	B8 V  Si	vgood
J052632.69+081512.5	208815023	81.636246	8.2534734	134.93	A2	12296.4	24.84	0.019	0.861	0.033	4.194	B8 III-IV  Si	vgood
J052634.55+180711.3	374511161	81.643986	18.119824	76.47	F0	6987.9	63.93	0.054	-0.439	0.09	3.96	kA3hA6mA8  Eu	
J052652.68+340109.5	1145001192	81.7195384	34.0193293	53.98	A5	12289.4	41.88	0.036	0.801	0.06	3.74	kA0hF2mG4	
J052714.18+365932.5	1187709170	81.8091074	36.992381	66.6	A2	11820.5	51.44	0.044	0.975	0.073	3.869	Unclassifiable	
J052721.16+371230.0	1145709046	81.8381871	37.2083601	82.83	A1	11870.2	54.77	0.045	0.986	0.077	3.818	B9 II-III  Si	good
J052729.66+411101.1	294313078	81.873618	41.183652	87.41	A5							kA3hA8mA9  SiEu	
J052737.25-065239.7	181208202	81.905239	-6.8777034	402.28	A1	10847.8	22.28	0.012	0.569	0.027	3.572	B8 IV-V  Si	vgood
J052747.75+383442.4	1143411140	81.9489714	38.5784586	249.19	A1	10640.1	29.41	0.017	0.392	0.036	3.585	B9 IV-V  Si	vgood
J052748.75+350903.6	1185508122	81.9531495	35.1510195	68.85	A1							Unclassifiable	
J052754.86+122738.4	257105083	81.9785981	12.4606869	116.36	A5							Unclassifiable	
J052804.18+344503.4	255007024	82.0174267	34.7509531	95.88	A1	11999.2	25.65	0.021	0.505	0.036	4.229	B7 V  Si	good
J052822.44+341417.9	1204407150	82.0935384	34.2383101	121.55	A1	11684.6	50.62	0.039	0.903	0.069	3.824	B9 IV  Si	vgood
J052840.37+342432.2	1145707138	82.1682306	34.4089688	98.77	A2	12001.1	48.79	0.039	0.999	0.068	3.961	A0 II  SrSiEu	vgood
J052840.39+352908.7	1147605124	82.1683203	35.4857509	338.33	A1	10447.5	53.24	0.029	0.636	0.066	3.589	B9 IV-V  Si	vgood
J052841.83+492655.9	253815155	82.1743181	49.4488883	90.77	F0							kA3hA7mF0  Si	
J052930.68+410751.0	294313087	82.377854	41.130859	74.75	A2	12142.6	28.02	0.024	0.761	0.039	3.987	B8 IV  Si	vgood
J053033.85+314346.9	1207103222	82.6410543	31.7297028	152.79	A1	12111.8	30.45	0.022	0.804	0.04	3.961	Unclassifiable	
J053102.91+351804.2	319903081	82.762128	35.301172	60.94	A2	9567	66.82	0.057	0.558	0.095	3.641	A0 IV  SrSi	good
J053113.41+312521.3	258909060	82.80589	31.422604	71.23	A5							kA0hA4mF0  SiEu	
J053131.37+361934.2	1158813084	82.8807494	36.3261853	161.54	A1	10884.1	33.35	0.024	0.457	0.044	3.518	B8 V  Si	good
J053134.00+433014.1	1089603034	82.891678	43.503937	94.07	A3							A1 IV  SrSiEu	good
J053143.89+364516.6	213606173	82.932897	36.754631	77.16	F0	7419.95	47.82	0.04	-0.115	0.067	4.041	kA6hA9mF0  SiEu	
J053150.01+401807.4	284211190	82.958397	40.302071	53.79	A1	11583.4	36.55	0.032	0.553	0.052	4.11	B9 III  Si	vgood
J053155.28+262212.9	1204504094	82.9803369	26.3702775	100.99	A2							kB9.5hA7mF5	
J053210.86+382849.7	42602004	83.045268	38.480486	100.45	A5	9017.87	99.13	0.08	0.994	0.137	4.168	A2 IV  SrSiEu	good
J053322.18+264908.8	1204504108	83.3424331	26.8191207	79.54	A1							B8 IV-V	good
J053322.92+403111.9	316411104	83.345528	40.51999	63.02	A5							kA2hA5mA8  SiEu	
J053339.39+340436.0	1207111063	83.4141333	34.0766719	71.15	A1	11921.4	37.1	0.031	0.779	0.052	4.069	Unclassifiable	
J053339.39+340435.9	978002244	83.414155	34.076666	68.93	A1	11423.8	37.75	0.032	0.325	0.053	3.886	B9 III  Si	good
J053348.07+415436.5	992716121	83.45032	41.910163	99.46	A2	9299.04	60	0.048	0.408	0.083	3.606	A0 V  Si	vgood
J053359.93+373623.6	1204412205	83.4997143	37.6065763	232.19	A1							B5 III	vgood
J053408.51+353426.9	1189606155	83.5354726	35.5741563	111	A3	12025.6	27.48	0.022	0.694	0.038	4.118	B9 III  Si	good
J053414.38+183758.4	258014148	83.559947	18.632889	63.39	A5							kA1hA3mA6  SiEu	
J053429.62+295404.9	948714210	83.6234178	29.901365	73.82	A5							kB7hB9mA0  Si	
J053439.93+441955.9	1089604156	83.666393	44.332207	70.76	A1	12140.9	52.22	0.044	0.982	0.074	3.787	B8 IV	good
J053453.83+441715.8	1089704156	83.724318	44.287744	52.75	A1	10544.1	51.24	0.044	0.698	0.073	3.696	A0 III-IV  Si	good
J053526.55+383707.9	286201073	83.8606425	38.6188714	135.2	A2							B5 III  Si	vgood
J053528.73+331340.2	105116066	83.869712	33.227855	51.79	A1	12087.8	43.17	0.037	0.778	0.062	4.003	B8 IV  Si	vgood
J053528.75+331339.9	1207109112	83.869793	33.2277692	119.39	A1	12176.4	32.5	0.025	0.795	0.044	3.954	B8 IV  Si	vgood
J053541.67+364103.6	1187713049	83.9236581	36.6843606	174.05	A1	11065	19.19	0.013	0.266	0.025	3.803	B9 III-IV  Si	good
J053545.72+332419.3	269303065	83.940506	33.405379	61.27	A2							B9 III  Si	good
J053556.11+383516.8	1147612071	83.9838297	38.5880088	86.02	A1	12426.6	33.36	0.028	0.668	0.047	4.167	B9.5 II-III  Si	vgood
J053556.14+233958.1	195114099	83.983956	23.666163	71.71	F0							A9 V  SrSiEu	good
J053614.24+382825.5	992701085	84.059361	38.47377	72.52	A1	10816.8	81.95	0.069	0.825	0.116	3.63	B9 V  Si	good
J053630.75+424006.2	424405090	84.128125	42.668391	59.06	A1	11413.9	40.85	0.035	0.723	0.058	3.578	B7 V  Si	good
J053640.93+243753.3	195116035	84.170575	24.631482	68.36	A2	11214.6	58.16	0.049	0.745	0.082	3.67	B9 IV  Si	vgood
J053648.70+240944.0	195116186	84.202954	24.162235	63.63	A5	9697.39	61.22	0.052	0.843	0.087	3.954	A1 IV  SrSiEu	good
J053744.37+400540.7	284212035	84.434908	40.094655	53.31	A5	8783.78	80.21	0.069	0.838	0.114	4.038	A5 IV  SrSiEu	good
J053750.23+280411.7	1204612077	84.4593076	28.0699292	374.83	A1	11511	25.46	0.014	0.834	0.031	3.857	B9 III-IV  Si	good
J053829.21+381434.1	286201119	84.62173	38.2428278	58.65	F0	7469.19	174.19	0.149	-0.632	0.248	4.164	kA0hA3mA7  SrSiEu	
J053847.86+263514.7	1204613084	84.6994534	26.5874258	105.07	A1	11586.5	35.29	0.028	0.672	0.049	3.67	B8 V	fair
J053904.58+185224.0	1048002091	84.7691214	18.8733522	85.56	A1	12528.2	40.01	0.033	0.896	0.056	3.763	B7 V  Si	vgood
J053930.56+281048.2	1204612122	84.8773748	28.180056	175.38	A1	11942.6	23.34	0.016	0.725	0.03	3.887	B9 IV  Si	vgood
J053939.48+263233.5	1204606027	84.9145279	26.5426565	279.11	A1							B9 III  Si	vgood
J054015.46+222642.6	547516054	85.0644383	22.4451719	78.35	F0							kA4hA7mF1  SiEu	
J054022.21+304959.6	948716110	85.0925497	30.8332319	239.02	A1	12555.5	17.98	0.01	0.748	0.022	3.808	B8 IV  Si	vgood
J054029.84+333930.6	1207112113	85.1243449	33.6585254	57.27	A1	11938.3	43.42	0.037	0.842	0.062	4.053	B8 IV-V  Si	vgood
J054039.19+382512.4	992707160	85.163319	38.420119	53.98	A1							A0 IV	vgood
J054049.70+384145.0	992708210	85.207098	38.695855	121.47	A1	11371	45.1	0.035	0.774	0.061	3.754	B9.5 III  Si	vgood
J054251.96+415118.9	1089707131	85.716504	41.855251	110.23	A1	10889.5	68.87	0.055	0.61	0.095	3.611	Unclassifiable	
J054317.60+190636.7	1048002144	85.8233639	19.1102042	78.27	A2	9873.56	89.11	0.074	0.785	0.125	3.633	B9 V  Si	vgood
J054539.35+144742.5	711214018	86.413996	14.7951419	121.81	A1	10387.1	64.58	0.05	0.675	0.088	3.623	A0 V  Si	fair
J054728.10+265909.9	948707144	86.8671006	26.9860853	89.51	A5	9400.6	56.22	0.046	0.549	0.078	3.747	A2 IV-V  SrSi	vgood
J054755.93+321919.0	806314165	86.9830737	32.3219455	102.68	A1	12118.3	25.11	0.02	0.583	0.035	4.017	B8 IV  Si	good
J054810.73+474937.7	191013079	87.044715	47.827152	56.46	A5	9607.74	44.75	0.038	0.683	0.064	4.202	A1 IV-V  SrSiEu	good
J054813.19+240333.7	434404126	87.0549939	24.0593683	128.44	A1							B4 III-IV	vgood
J054821.84+202936.9	1048008030	87.0910161	20.4935997	95.29	A1	9541.46	50.87	0.041	0.658	0.071	3.602	B9.5 V  Si	vgood
J054828.45+312918.2	806303084	87.1185556	31.4884092	128.48	A1	9315.7	48.51	0.037	0.266	0.066	3.541	kB9.5hA7mA5  Eu	
J054837.36+211558.1	194907200	87.15568	21.266148	73.41	A2	12023.3	41.09	0.035	0.767	0.058	4.022	B9 II-III  Si	vgood
J055022.58+310333.7	948712176	87.5940906	31.0593711	123.03	A1	9252.38	47.1	0.036	0.309	0.064	3.572	A0 IV-V  Si	vgood
J055124.31+190906.6	1048007240	87.8513076	19.1518385	189.72	A1	10408	27.21	0.018	0.307	0.035	3.648	Unclassifiable	
J055127.82+202016.5	803203166	87.865945	20.337934	58.78	A5	9294.75	73.41	0.063	0.877	0.104	3.75	A2 IV  SrSiEu	good
J055133.44+190156.3	330914031	87.889366	19.03231	70.83	F0							kA1hA5mA9  SiEu	
J055201.60+314531.4	806304154	88.0066978	31.7587411	81.14	A1	12670.8	54.17	0.045	0.908	0.076	4.187	B5 III	good
J055222.76+183450.2	99116238	88.094865	18.580635	73.01	A2							B7 II-III	vgood
J055227.34+192949.0	107905056	88.113929	19.496961	67.7	A2							B5 III-IV  Si	vgood
J055240.25+185745.6	643716102	88.1677089	18.9626894	77.77	F0	7469.54	37.15	0.031	-0.049	0.052	4.038	F0 V  (Sr)Eu	vgood
J055253.62+191323.5	1048007089	88.2234367	19.2232131	237.64	A1	10189.5	45.68	0.026	0.421	0.056	3.548	B9 IV-V  Si	vgood
J055312.64+261631.9	116216141	88.302678	26.275551	143.7	A1							B7 III-IV	vgood
J055326.56+215529.8	108011078	88.360698	21.924946	151.83	A1							Unclassifiable	
J055327.30+430356.9	124216115	88.363762	43.065815	91.47	A2							B6 IV	vgood
J055350.94+181838.1	271116149	88.46226	18.310584	52.69	A2	11812.2	47.25	0.041	0.982	0.067	3.874	B9.5 II-III  Si	vgood
J055400.04+204642.3	107804050	88.500184	20.778443	89.78	A2							B5 III	vgood
J055420.50+334129.0	27103124	88.585456	33.691414	118.6	F0							A8 mA4 metal weak	
J055537.89+212004.8	1048013018	88.9078981	21.3346803	77.03	A1	10751.4	30.96	0.026	0.619	0.044	3.814	A0 III  Si	good
J055542.01+144329.5	99101051	88.925049	14.724881	63.32	A5	8783.54	39.88	0.034	0.405	0.057	3.979	A6 V  SrSi	vgood
J055621.60+270625.7	732003018	89.0900172	27.1071658	62.32	A1							kA0hF1mG1	
J055624.30+120059.8	709904050	89.101283	12.016627	70.01	A2	10771.3	49.06	0.041	0.514	0.069	3.644	A8 II-III	fair
J055827.57+111205.0	34404103	89.614881	11.201389	141.36	A1	10669.5	23.26	0.017	0.092	0.031	3.971	B9 IV-V  Si	vgood
J055839.36+465833.5	426115133	89.6640361	46.9759828	193.43	A1	10204.4	74.64	0.048	0.633	0.095	3.917	A1 III-IV  SrSiEu	vgood
J055842.77+182602.6	330903010	89.678225	18.434063	76.51	A1	11797.8	139.1	0.116	0.854	0.196	4.298	A0 II  SrSiEu	vgood
J055911.84+171034.9	98809169	89.799346	17.176374	65.17	A7	8628.38	40.77	0.035	0.499	0.058	4.034	A9 V  SrSiEu	good
J055932.96+020507.0	647511054	89.8873422	2.0852914	58.77	F0							A9 V  SrSi	good
J055934.04+310925.0	102006225	89.891859	31.156955	53.72	A7	8779.58	48.35	0.042	0.453	0.069	4.129	F0 V  SrSi	good
J060022.31+292353.7	127809207	90.092971	29.398262	61.54	A2	11102	31.52	0.027	0.228	0.045	3.629	Unclassifiable	
J060052.78+202043.4	330915208	90.219918	20.345411	67.72	A1	10949.1	42.84	0.036	0.477	0.061	3.657	B9 III-IV  Si	vgood
J060119.63+365700.2	381408222	90.331813	36.950061	96.52	A1							A8 mB8 V Lam Boo	
J060122.65+352140.8	27111218	90.344412	35.361355	116.22	A2							B7 V  Si	vgood
J060124.15-022011.9	384909160	90.3506467	-2.3366578	277.87	A2	9458.73	24.89	0.014	0.195	0.031	3.506	B9 V  Si	vgood
J060149.57+380431.4	83008041	90.45655	38.075411	76.35	A1	10995.3	27.09	0.023	0.295	0.038	3.794	B8 V  Si	vgood
J060201.28+251618.3	1073116059	90.50537	25.271751	131.7	A2	9627.67	67.7	0.051	0.298	0.091	3.572	A0 IV-V  SrSi	vgood
J060242.58+143138.1	99107218	90.677442	14.52726	69.18	A7	8775.56	40.67	0.034	0.545	0.057	4.424	kA4hA6mA8  Si	
J060307.67+253100.4	1086016137	90.781989	25.516799	89.2	A1	11966.5	38.74	0.032	0.83	0.054	3.973	B8 V  Si	vgood
J060339.78+033827.2	697407176	90.91454417	3.64090333	263.78	A2	12307.5	129.45	0.072	0.671	0.16	4.193	B8 IV-V  Si	vgood
J060449.39+240450.1	617814136	91.2058292	24.0805889	673.32	A1							B4 V	vgood
J060504.84+254755.7	116312121	91.270202	25.798809	193.09	A2	11962.5	12.71	0.008	0.368	0.016	4.047	B8 IV-V	vgood
J060525.98+275404.6	732009128	91.3582836	27.9012875	117.02	A1	10848.1	23.39	0.018	0.11	0.032	3.829	B9 IV  Si	good
J060621.09+435314.5	378015053	91.58680639	43.8873625	271.27	A2	12288.9	14.06	0.008	0.444	0.017	3.883	Unclassifiable	
J060639.60+170934.3	330907201	91.665026	17.159545	81.08	A1							B9 V	vgood
J060641.05+200726.2	370603102	91.671077	20.123969	53.17	A5							kA1hA4mA8  SiEu	
J060645.14+254550.3	1086011183	91.688092	25.763981	98.88	A5							kA3hA5mA7  SiEu	
J060728.44+232547.7	552803071	91.8685	23.4299194	336.43	F0	7098.23	82.18	0.045	0.119	0.101	3.842	A9 mA5 metal weak	
J060728.44+232547.5	165603116	91.868515	23.429884	274.14	F0	7072.02	72.58	0.04	0.121	0.089	3.88	kA4hA5mF0  SiEu	
J060745.02+222838.1	760405198	91.9376162	22.4772616	209.03	A2							Unclassifiable	
J061011.44+231034.2	485104170	92.5476708	23.1761889	548.19	A1							B8 V	vgood
J061013.83+015636.9	491512051	92.557639	1.9436041	84.28	A1							B8 IV	vgood
J061018.87+052231.7	1188602160	92.5786363	5.3754993	71.47	A1	11626.1	47.63	0.04	0.899	0.067	3.771	B8 V  Si	good
J061040.41+351458.1	220503074	92.668403	35.249482	82.68	A1							B8 IV-V  Si	vgood
J061058.08+313618.2	758416228	92.7420153	31.6050594	73.97	A1							B7 III  Si	vgood
J061101.06+264328.3	648616172	92.7544318	26.7245495	58.1	A2	12100.9	39.36	0.034	0.986	0.056	3.89	B8 IV-V  Si	vgood
J061101.29+225015.2	966704155	92.755376	22.837565	167.86	A2	10513.3	51.67	0.036	0.647	0.067	3.623	A0 III-IV  SrSiEu	fair
J061113.87+401950.3	321714081	92.807802	40.330657	75.06	F0	7659.64	56.84	0.048	0.42	0.08	4.079	A9 V  SrSiEu	good
J061133.66+120207.4	203601136	92.890278	12.035404	85.26	A2							kB9hA1mA3  SiEu	
J061140.31+124704.0	618903110	92.917974	12.784457	116.67	A5	9445.34	80.71	0.063	0.653	0.11	3.901	A3 IV-V  SrSiEu	good
J061143.45+234849.9	966715187	92.931048	23.813869	65.66	A1	10178.9	62.03	0.053	0.604	0.088	3.615	B9 IV-V  Si	good
J061146.60+234555.8	760415115	92.9441785	23.765502	203.43	A1							B8 IV	vgood
J061201.34+052746.8	1171201145	93.0056156	5.4630275	178.05	A1							B9 III  Si	vgood
J061215.80+141005.5	203804221	93.065852	14.168215	175.93	A2	12183.6	17.22	0.012	0.489	0.022	4.005	Unclassifiable	
J061241.93+242028.0	617815136	93.1747239	24.3411178	71.04	A2	10752.9	45.93	0.039	0.549	0.065	4.053	A1 II-III  SrEu	vgood
J061244.67+255652.4	409914054	93.1861278	25.9479047	71.19	A5							A0 III-IV  Si	good
J061254.58+251207.5	204012012	93.227446	25.202108	66.94	F0	7398.28	73.35	0.062	0.104	0.104	3.622	kA4hA7mA9  Eu	
J061302.83+221647.3	645905101	93.261817	22.279814	55.99	A2	12061.9	43.91	0.038	0.655	0.063	4.097	B8 IV  Si	good
J061307.55+205517.3	730911008	93.2814739	20.9214758	89.03	F0	7531.44	71.37	0.059	0.192	0.1	3.799	kA6hA8mF0  SiEu	
J061307.55+205517.2	165701090	93.281481	20.921463	94.27	F0	7491.55	71.4	0.058	0.173	0.099	3.809	kA6hA8mF0  SiEu	
J061312.83+205629.4	615301010	93.3034825	20.9415064	102.16	F0	6870.73	84.87	0.068	-0.219	0.117	3.945	kA3hA4mA9  SiEu	
J061326.53+181812.9	844905162	93.3605539	18.3035997	110.38	A1							B7 V  Si	vgood
J061331.19+172301.1	844901058	93.3799958	17.3836603	79.73	A7							A2 IV  SrSi	good
J061412.15+264953.2	614316079	93.550655	26.8314575	84.8	F0							A9 V  SrSiEu	good
J061419.18+255452.0	648615180	93.5799322	25.9144522	80.31	A1	11878.8	29.39	0.024	0.725	0.041	4.08	Unclassifiable	
J061441.05+215851.7	399908113	93.6710667	21.981045	82.73	A5	8878.25	38.09	0.032	0.125	0.053	3.643	A1 IV-V  SrSi	vgood
J061451.00+360847.5	385315091	93.712506	36.146534	53.96	A5	9353.31	62.75	0.054	0.727	0.09	4.061	A1 IV  SrSiEu	good
J061506.44+081439.5	501911030	93.776845	8.2443082	78.47	A7	7198.99	204.82	0.171	-0.687	0.288	4.153	kA1hA2mA4  SiEu	
J061513.80+212855.3	794607108	93.8075305	21.4820458	100.17	A5	9456.08	72.6	0.059	0.504	0.1	3.77	A1 IV-V  SrSiEu	good
J061519.98+215839.6	697710058	93.8332594	21.9776747	100.34	A2							Unclassifiable	
J061525.73+094311.8	647604143	93.85721	9.7199633	420.28	A2	9731.9	46.19	0.025	0.528	0.057	3.541	B9 V	good
J061549.93+094829.4	1171212230	93.9580821	9.8081791	86.55	A1	11947.6	41.31	0.034	0.852	0.058	3.945	B9 III  Si	good
J061550.03+275939.0	758401134	93.9584586	27.9941683	117.67	A2	11827.5	33.91	0.026	0.762	0.046	3.924	kB9hA0mA2  SrSi	
J061550.98+105906.3	647615104	93.96349417	10.98449556	173.61	A2	12216.9	20.84	0.014	0.744	0.027	4.079	B7 IV-V  Si	vgood
J061604.33+291642.6	758404118	94.0180789	29.2785242	150.66	A2	12400.4	21.16	0.015	0.74	0.028	4.211	B5 IV-V	good
J061651.90+060122.1	1188607067	94.2162882	6.0228128	139.22	A1							F0 mB8 V Lam Boo	
J061707.63+150129.6	679513219	94.2818152	15.02489	335.31	A1	11958.9	23.08	0.013	0.912	0.028	3.974	kB7hF3mF5  Eu	
J061724.84+092747.8	1188612045	94.3535131	9.4632805	63.35	A2							kB9hA1mA4  Si	
J061749.82+215658.6	399906005	94.4576161	21.9496306	104.62	A2	12635.9	33.24	0.027	0.715	0.046	4.144	B9 II  Si	vgood
J061757.25+243046.8	760412151	94.4885442	24.5130178	95.69	A1	9130.22	41.54	0.034	0.012	0.058	3.568	A3 mA0 V Lam Boo	
J061813.80+193052.9	370608087	94.557531	19.514715	75.18	A1	10274.1	26.75	0.022	-0.124	0.038	3.601	B9.5 IV  Si	vgood
J061821.13+104020.9	618907038	94.588073	10.672492	65.97	A1	9331.64	49.12	0.042	0.33	0.07	3.519	A0 IV-V  (Sr)Si	vgood
J061823.57+083619.6	1156013154	94.5982228	8.6054535	120.99	A1	12391.3	32.3	0.025	0.742	0.044	4.163	B9 II-III  Si	vgood
J061827.33+183644.9	975710082	94.6138985	18.6124782	73.19	A5	9380.62	61.54	0.052	0.514	0.087	3.663	A1 IV  SrSiEu	vgood
J061836.83+201147.7	844909061	94.6534664	20.1966047	69.91	A1	10596.7	35.83	0.03	0.629	0.051	3.684	kA0hA1mA3  Si	
J061838.87+132901.0	203706026	94.661964	13.483622	57.14	A2	11917.5	45.45	0.039	0.81	0.065	3.971	B9 II-III  Si	good
J061902.28+071951.2	1156008087	94.7595226	7.3308892	82.91	A2	10684	38.8	0.032	0.376	0.054	3.604	B9.5 III-IV  Si	vgood
J061909.98+143713.1	618911038	94.791585	14.620314	64.57	A2	10469.6	80.96	0.069	0.637	0.115	3.564	B9 V  Si	good
J061915.37+271959.1	758407171	94.8140631	27.3331028	99.77	A1							Unclassifiable	
J061936.21+010554.9	382114063	94.9008936	1.0985942	75.89	A1	10843	32.11	0.027	0.292	0.045	3.579	B9 IV  Si	vgood
J061939.93+133740.1	203713095	94.916411	13.627816	59.98	A2							B9.5 II  Si	vgood
J061951.25+205633.4	855502054	94.9635808	20.9426333	51.41	A1	9267.6	45.86	0.04	0.306	0.066	3.568	A1 IV-V  SrSi	vgood
J062017.42+251849.9	648608036	95.072345	25.31521333	78.04	F0							F1 V	vgood
J062040.02+131609.8	203706149	95.166788	13.269392	506.72	A2							B9 V  Si	good
J062048.02+230015.0	697703144	95.2001094	23.0041797	105.84	A2	12204.9	53.58	0.043	0.948	0.074	3.999	B8 IV-V  Si	vgood
J062048.04+230015.0	490506062	95.2001707	23.004186	108.24	A2	12258.4	48.33	0.038	0.978	0.066	3.939	B8 III-IV  Si	vgood
J062057.94+252016.2	189502093	95.241421	25.33786	79.06	A1	10920.6	27.63	0.023	0.134	0.039	3.841	kB9hA0mA2  Si	
J062107.34+031743.4	101414071	95.280616	3.295393	137.12	A1							B9 III  Si	vgood
J062112.96+215306.8	431616086	95.3040347	21.8852428	164.62	A1							B7 IV	vgood
J062122.07+113717.9	647612003	95.34197	11.6216456	99.59	A1	9994.2	29.2	0.024	-0.366	0.04	3.504	A8 mA3 V metal-weak	
J062135.75+251618.7	713704112	95.3989992	25.2718803	87.25	A2	11614.8	46.14	0.038	0.686	0.064	4.139	kB9.5hA1mA2  Si	
J062152.66+353830.6	265109225	95.469433	35.641843	71.76	F0	7561.37	68.48	0.058	0.174	0.097	3.509	kA3hF0mF3  SiEu	
J062229.42+221028.0	428004149	95.6225989	22.1744603	59.92	A5							A1 IV  SrSi	good
J062229.63+091804.9	1209014164	95.6234698	9.3013797	66.25	A1	11846.1	41.4	0.035	0.834	0.059	3.96	Unclassifiable	
J062247.65+203855.6	795901061	95.6985783	20.6487983	91.9	A1							B9.5 IV  Si	good
J062322.66+165457.7	267804170	95.844423	16.916037	113.17	A1	9254.65	51.22	0.04	0.443	0.07	3.7	B9.5 V  Si	good
J062332.67+185359.1	431602231	95.8861458	18.899755	74.69	A1	11985.1	37.9	0.032	0.812	0.053	3.7	B8 V  Si	vgood
J062344.44+012625.5	382115238	95.93490778	1.44042806	113.05	A1	11826.9	25.71	0.02	0.265	0.035	4.141	B7 V  Si	vgood
J062349.67+184422.5	267711090	95.956978	18.739602	119.36	A5	8838.07	36.64	0.029	0.47	0.05	3.912	A2 IV  SrSiEu	vgood
J062350.54+083421.5	1223110132	95.960597	8.5726581	76.69	A3							B9.5 III  Si	good
J062403.12+015930.9	382115209	96.01263028	1.99193861	79.39	F0	6888.57	253.02	0.211	-0.171	0.355	3.682	kA2hA5mA7  SiEu	
J062405.46+204246.5	431603157	96.0227592	20.7129361	94.87	A2	11412.3	36.39	0.03	0.587	0.051	4.175	B9 III-IV  Si	vgood
J062408.22+011231.2	1148210117	96.0342903	1.2086726	52.14	A1	12465.6	45.07	0.039	0.966	0.064	4.195	A0 II  Sr	vgood
J062410.94+145123.0	990202241	96.045598	14.856403	87.39	A1	11340.2	38.95	0.032	0.6	0.054	3.756	B9 III-IV  Si	vgood
J062411.55+050421.9	101116233	96.048146	5.0727543	65.75	A5							kA5hA8mF0  SiEu	
J062434.70+011155.3	101302070	96.144606	1.1987083	72.88	A2							B5 III	vgood
J062437.22+202939.7	697801124	96.1550947	20.4943856	114.49	A2	12458	35.03	0.028	0.663	0.048	3.991	B9.5 II-III  Si	vgood
J062438.23+252100.1	201711099	96.159317	25.350043	68.3	A5	9305.77	66	0.056	0.67	0.093	3.76	A5 V  SrSi	good
J062443.72+265524.3	1146110120	96.1821719	26.9234401	524.9	A2							A1 IV  SrSiEu	good
J062447.56+253710.5	201711178	96.198169	25.619591	53.03	A5	8805.82	53.16	0.046	0.398	0.076	3.914	A7 V  SrSiEu	vgood
J062449.66+175514.3	267715150	96.206958	17.920646	155.38	A1	11541.2	19.03	0.014	0.375	0.025	3.869	kA0hF5mK2	
J062501.16+004734.9	1148202052	96.2548451	0.793031	69.33	A1							B9 V  Si	vgood
J062503.26+101239.6	1223116083	96.2635837	10.2110025	122.11	A1							B9 V  Si	vgood
J062504.75+160136.2	267705156	96.269797	16.026734	54.63	A5	8925.55	62.42	0.054	0.854	0.089	3.786	kA2hA4mA7  SrSiEu	
J062518.18+024911.5	1148214178	96.3257741	2.8198675	87.93	A3	11504.1	48.69	0.04	0.886	0.068	3.817	DA	
J062519.86+100612.3	1223116087	96.3327619	10.1034289	200.88	A1							B9 IV  Si	vgood
J062520.81+152630.0	267701138	96.336745	15.441669	152.35	A1	11895.9	17.14	0.012	0.443	0.023	4.329	B9 III	vgood
J062529.33+080158.6	1223110106	96.3722178	8.0329468	239.78	A1							B8 III-IV  Si	vgood
J062530.23+460853.8	601011037	96.375984	46.148297	56.06	A5	8746.27	58.2	0.05	0.432	0.083	4.119	kA4hA6mA8  SiEu	
J062558.70+012015.3	1148210236	96.494604	1.3375897	93.69	A1	10887.9	37.22	0.03	0.513	0.052	3.782	B9 IV  Si	vgood
J062609.76+173121.3	898005134	96.5406707	17.5226053	69.33	A5	9467.11	69.19	0.059	0.937	0.098	3.674	A7 mA0 metal weak	
J062611.14+070344.7	1223102090	96.5464479	7.0624425	51.73	A1							Unclassifiable	
J062623.29+095501.0	1209016162	96.597054	9.9169541	98.58	A1							B9.5 IV-V  Si	vgood
J062639.57+193824.5	218403007	96.664914	19.640152	53.61	A1	11982	60.2	0.052	0.766	0.086	3.641	B9.5 II-III  Si	good
J062644.25+034048.6	101115178	96.684379	3.6801729	204.51	A5							kA3hA5mA8	
J062648.69+161347.6	990204156	96.702879	16.229907	128.78	A1	11828.3	24.68	0.019	0.601	0.033	4.252	B7 V  Si	good
J062650.43+080817.3	1209010038	96.7101345	8.1381532	99.43	A1	11660.3	31.92	0.026	0.799	0.044	4.355	B8 IV  Si	vgood
J062654.34+065541.0	1209002124	96.7264505	6.9280631	62.54	A2	11948.8	35.2	0.03	0.899	0.05	4.089	B9.5 II-III  Si	good
J062658.60+144220.6	268001071	96.744201	14.705727	133.63	A1	10799	29.32	0.022	0.283	0.039	4.125	A0 III  Si	vgood
J062700.54+105512.1	1223116238	96.7522694	10.9200302	101.71	A1							B8 IV-V  Si	good
J062717.44+233135.1	201704120	96.822703	23.526441	68.39	F0							kA3hA6mA9  SiEu	
J062719.50+080017.2	1223110224	96.8312553	8.0047843	428.77	A1							A0 IV-V  SrSi	vgood
J062720.56+092000.5	1223103120	96.8356702	9.3334839	93.41	A1							B8 V  Si	vgood
J062732.50+072221.6	1223102048	96.8854349	7.3726875	461.86	A1							B9 V  Si	vgood
J062737.12+182912.8	960204117	96.9046688	18.4868993	212.57	A2	11563.4	14.12	0.009	0.556	0.018	3.882	F0 mA3 V Lam Boo	
J062753.36+110015.5	1209016230	96.972369	11.004324	63.75	A1	12132.3	33.74	0.029	0.699	0.048	4.044	B9.5 III  Si	vgood
J062809.52+253443.4	713713096	97.0396711	25.5787464	94.47	A3							A0 IV  SrSi	good
J062837.08+033847.5	1148216106	97.1545251	3.6465388	75.76	A1	10967.9	66.6	0.056	0.94	0.094	3.714	Unclassifiable	
J062848.35+240100.1	614307094	97.2014736	24.0167197	114.17	A7	9266.11	55.23	0.043	0.644	0.076	4.386	A8 V  SrSiEu	vgood
J062851.10+225629.9	697809135	97.21402861	22.94235111	248.64	A2	11120.6	13.85	0.008	0.22	0.017	3.822	B8 V  Si	vgood
J062859.98+064955.8	1223102206	97.2499518	6.832173	193.59	A5							kA0hA2mA5  SiEu	
J062911.35+231913.1	795909041	97.2972917	23.3203331	75.94	A2	12500	40.46	0.034	0.808	0.057	4.087	B6 V  Si	good
J062930.42+235529.8	201709011	97.376753	23.924949	63.64	F0							kA6hA7mF3  SiEu	
J062942.73+083823.1	1209003040	97.4280581	8.6397613	77.67	A1	11542.7	54.21	0.045	0.901	0.076	3.865	B9.5 III  Si	vgood
J062946.52+091841.3	1209003143	97.4438588	9.3114905	131.47	A1	12075.3	34.67	0.026	0.896	0.047	4.016	B9 II-III  Si	vgood
J062954.90+082721.2	1223103209	97.4787692	8.4558932	207.01	A1							B8 V  Si	vgood
J062955.26+012149.8	1148205238	97.4802786	1.3638392	129.84	A1	11003.1	56.89	0.043	0.702	0.077	3.733	B8 V  Si	good
J063005.39+090956.7	1223103197	97.5224982	9.1657593	367.58	A1							B8 V  Si	vgood
J063013.31+165729.2	731504157	97.5554986	16.9581208	97.18	A1	12020.8	23.32	0.019	0.63	0.032	4.479	kB9hF4mK2	
J063049.87+071448.8	1223101054	97.707832	7.2469064	263.17	A1	10712.9	26.2	0.015	0.5	0.032	3.574	B8 V  Si	good
J063136.37+201855.5	1186004234	97.9015706	20.3154193	482.87	A2	11913	13.68	0.008	0.854	0.017	4.006	B8 IV-V  Si	vgood
J063141.05+095054.9	1223115025	97.921064	9.8486062	65.7	A1							kB8hF3mF4	
J063141.82+193813.7	733408116	97.9242831	19.6371486	186.25	A1							B4 III-IV	vgood
J063157.00+165719.1	268009038	97.9875	16.955333	58.13	A2							A0 III-IV  SrSi	good
J063208.48+212819.8	428006106	98.0353683	21.4721694	88.63	A5	9374.99	78.13	0.064	0.979	0.109	4.081	kA2hA5mA7  SiEu	
J063234.45+015120.4	1148304059	98.1435444	1.8556768	131.15	A1							B9 III-IV  Si	vgood
J063236.60+280546.0	613815054	98.15135	28.09593	280.44	F0	7783.25	33.72	0.019	0.232	0.042	4.059	A9 V  Si	vgood
J063310.37+094918.0	1223115054	98.2932396	9.8216917	170.86	A1							B9 II-III	vgood
J063311.63+094053.1	1223115170	98.2984865	9.6814337	98.66	A1							B8 III-IV	good
J063313.99+111425.3	1223111157	98.3083015	11.2403753	68.1	A1							Unclassifiable	
J063354.15+314021.6	1143908226	98.475646	31.6726767	67.41	A5							A1 IV-V  SrSiEu	good
J063400.25+025534.7	1173302197	98.5010726	2.9263272	87.89	A3	11523.6	66.65	0.055	0.925	0.093	3.972	B8 IV  Si	vgood
J063402.90+091624.4	1223104180	98.5121046	9.2734482	101.45	A1							kA0hF0mF0	
J063414.95+080001.0	1209008166	98.5623208	8.0002932	52.37	A1	12018.9	45.07	0.039	0.959	0.064	3.636	Unclassifiable	
J063430.94+210652.4	795907143	98.6289531	21.1145558	104.82	A2	9855.82	66.47	0.053	0.653	0.092	3.613	B9.5 V  Si	vgood
J063436.14+070557.1	1223107213	98.6505941	7.0992202	414.17	A1							B9 IV  Si	vgood
J063440.14+071705.1	1223107220	98.6672789	7.284767	235.95	A1							Unclassifiable	
J063447.48+154714.2	990206079	98.697836	15.787297	62.53	A1	10977.5	42.41	0.036	0.638	0.06	3.643	B9 III-IV  Si	good
J063448.89+205336.7	218313247	98.703736	20.893529	98.2	A5	9029.16	71.87	0.058	0.781	0.1	4.273	kA2hA5mA8  SiEu	
J063454.47+071243.3	1223107222	98.7269618	7.2120361	553.94	A1							B8 V  Si	vgood
J063502.26+221042.6	274312188	98.759433	22.178501	57.92	A2	9741.09	55.5	0.048	0.405	0.079	3.525	A0 IV  Si	vgood
J063507.95+043819.9	1158403031	98.7831509	4.6388833	127.4	A1							B9 II-III  Si	good
J063521.77-000101.4	1148207188	98.840745	-0.0170766	52.12	A1	11663.8	63.18	0.055	0.948	0.09	4.036	B8 IV-V  Si	good
J063536.05+210720.5	218213159	98.900245	21.122363	83.48	A6	8761.31	54.85	0.045	0.302	0.077	3.809	A5 IV-V  Si	vgood
J063539.64+044659.2	1158403090	98.9151715	4.7831264	251.17	A1							B6 V  Si	vgood
J063547.40+012719.9	385404137	98.9475331	1.4555439	105.91	A2	9108.46	31.92	0.025	0.061	0.044	3.529	A0 IV-V  (Sr)Si	vgood
J063547.44+064955.8	1158416009	98.9476787	6.8321677	71.85	F0							A8 V  SrSi	good
J063549.77+042707.0	44403185	98.95739	4.451948	94.71	A5							B8 III-IV  Si	vgood
J063607.42+061824.8	1156816104	99.0309269	6.3069008	131.04	A3							A0 II	vgood
J063609.01+064613.6	1223107188	99.0375777	6.7704589	134.64	A1							B9.5 III  Si	vgood
J063614.29+054137.3	1160115096	99.05955	5.693718	197.1	A1							B4 V	vgood
J063630.23-041040.3	268908188	99.125963	-4.177867	103.1	A1	11705.4	25.62	0.021	0.537	0.035	4.102	B9 III-IV  Si	vgood
J063633.65+081945.1	1209008052	99.1402284	8.3292084	69.13	A1	12301.9	30.24	0.026	0.79	0.043	3.977	B9.5 II-III  Si	vgood
J063649.01+304227.7	1143907062	99.2042245	30.7076971	187.74	A1	10393.5	83.97	0.055	0.848	0.108	3.534	B9 V  Si	good
J063649.53+071749.9	1223107055	99.2064112	7.2972104	109.92	A1							Unclassifiable	
J063659.58+160543.2	526612068	99.248261	16.095345	79.52	A1	9818.38	72.34	0.06	0.702	0.102	3.578	B9.5 III-IV  Si	vgood
J063700.97+082909.0	1209008061	99.2540631	8.4858589	77.52	A1	12853.7	32.08	0.027	0.925	0.045	4.278	B9 II-III  Si	vgood
J063702.66+241045.7	778214086	99.2611244	24.179377	257.7	A2	11265.8	11.7	0.007	0.121	0.014	3.959	A0 III  Si	good
J063723.29-010227.2	1084612055	99.347077	-1.040915	93.11	A1	10571.6	81.85	0.067	0.881	0.114	3.631	B9 V  Si	vgood
J063724.50+162952.3	688110111	99.3516	16.4989	133.88	A2							B9 II-III  Si	vgood
J063731.06+083547.6	1209008100	99.3794175	8.5965758	117.15	A1	11529.5	29.48	0.023	0.559	0.04	3.873	B8 V  Si	vgood
J063740.39+205335.3	733513036	99.4183217	20.8931426	187.56	A2							kB7hA3mA0	
J063746.01+021507.8	1148313215	99.4417464	2.2521888	479.45	A1							B8 IV-V  Si	good
J063805.97+070536.4	1160111151	99.5249056	7.0934451	63.65	A1	11137.2	35.72	0.03	0.419	0.051	4.014	Unclassifiable	
J063820.03+135131.4	39414096	99.583469	13.858728	50.91	A7	7290.37	75.16	0.065	-0.126	0.107	3.815	kA4hA5mA9  Eu	
J063821.86+051949.1	1160115165	99.5911198	5.3303232	152.57	A1	12130.4	25.46	0.018	0.75	0.034	4.044	B9 III  Si	vgood
J063851.57+081729.3	1209006245	99.7149071	8.2914754	56.16	A1	12261	42.18	0.036	0.82	0.06	4.111	B9 IV-V  Si	good
J063916.90-021526.6	840302042	99.819362	-2.257404	80.58	A1	10106.6	57.2	0.048	0.489	0.08	3.593	B9 V  Si	vgood
J063935.38+174203.3	28204169	99.897454	17.700931	77.77	A1	12436.6	33.76	0.028	0.717	0.047	4.075	B8 III-IV	vgood
J063935.53+013001.7	1148206187	99.8980615	1.5004892	89.55	A1	12058.4	29.85	0.025	0.68	0.042	3.964	B7 V  Si	good
J063939.60-032040.1	898308070	99.915031	-3.344484	82.5	A1							B9.5 IV  Si	vgood
J063940.12+051134.6	1173304183	99.9171897	5.1929703	53.28	A1	11467.5	45.62	0.039	0.866	0.065	3.776	Unclassifiable	
J063952.92+033135.0	1158405200	99.9705354	3.5263893	286.12	A1	11082.8	42.23	0.023	0.67	0.052	3.852	B9 III-IV  Si	vgood
J064010.74+052812.5	480401057	100.04479	5.4701486	108.18	F0							kA6hA7mF0  Si	
J064023.92+053236.6	1158409155	100.0996679	5.5435245	375.05	A3	10955.5	44.53	0.024	0.729	0.055	3.639	B9 III-IV  Si	good
J064043.83+270825.4	601608045	100.1826408	27.14041	157.18	A7	9215.89	71.51	0.051	0.691	0.094	3.882	A8 V  SrSi	good
J064043.90+161228.1	731606168	100.1829278	16.2078117	69.53	F0							A9 V  SrSiEu	good
J064107.24+033930.5	385412051	100.2801986	3.6584953	81.97	A5	9799.46	75.21	0.062	0.937	0.105	3.818	kA1hA7mF5  SiEu	
J064148.47+043828.1	1158408028	100.4519767	4.6411646	66.78	A1	11629.5	45.25	0.038	0.718	0.064	3.874	B9 III-IV  Si	vgood
J064217.42+050431.7	1158409212	100.5726039	5.0754743	145.04	A3	9935.6	39.73	0.029	0.478	0.053	3.506	B9.5 III-IV	good
J064259.40+270608.6	46203100	100.74753	27.102389	196.74	A2	12598.4	14.58	0.009	0.798	0.019	4.127	B8 III-IV  Si	vgood
J064414.63+030124.9	1173307237	101.0609629	3.0236035	54.08	A1	11881.1	55.34	0.048	0.667	0.079	3.805	A0 II-III  Si	vgood
J064423.83+013638.9	840311162	101.0993	1.610821	103.83	A1	9692.56	62.98	0.05	0.588	0.087	3.6	B9.5 V  Si	vgood
J064441.84+273054.4	601613214	101.17434	27.51512	114.79	A1	9642.75	75.88	0.06	0.829	0.104	3.701	A0 IV  Si	good
J064453.53+014402.4	385406042	101.223078	1.734009	279.87	A1							B4 V	vgood
J064510.49+252340.5	402312177	101.2937464	25.3945869	93.64	A2	11113.4	28.36	0.023	0.24	0.039	3.929	B8 V  Si	good
J064535.91+070107.7	528214026	101.39964	7.0188125	55.05	A2	9592.66	85.1	0.073	0.691	0.121	3.595	A0 IV  SrSi	vgood
J064554.46+040306.2	1158406180	101.4769194	4.0517223	87.81	A2							kA0hA2mA4  Si	
J064639.23+051708.4	655803075	101.66349	5.2856913	63.54	A1	9967.28	68.63	0.059	0.409	0.097	3.579	B9.5 IV  Si	good
J064645.85+254403.6	221105208	101.69107	25.734339	369.44	A5	9624.8	88.14	0.048	0.95	0.109	4.205	kA3hA5mA7  SiEu	
J064712.38+014855.4	898102165	101.801586	1.8154128	82.32	A5	11779.6	48.6	0.04	0.935	0.068	3.699	Unclassifiable	
J064721.18+053019.7	1160113010	101.8382804	5.5054928	75.26	A1	12255.3	34.75	0.029	0.789	0.049	3.867	A0 II	good
J064955.47+014912.1	898102030	102.480077	1.820037	54.79	A3	12635.7	43.86	0.038	0.651	0.063	4.228	B8 III-IV  Si	vgood
J064959.82+293304.5	46111215	102.49927	29.551263	103.67	A1	9879.25	105.08	0.084	0.875	0.145	3.606	B9 V  Si	good
J065001.92+222234.9	686605096	102.5080175	22.3763867	74.53	A1	9421.11	44.44	0.037	0.544	0.063	3.754	kB8hA1mA5  SiEu	
J065018.51-005032.0	265708092	102.5771614	-0.8422411	103.3	A5	7108.82	230.74	0.185	-0.878	0.318	3.918	A1 II-III  SrSi	good
J065104.86+075706.7	29915175	102.77025	7.951875	116.97	A2							B7 III	vgood
J065104.86+075706.6	615904164	102.7702686	7.9518478	252.01	A2							B5 III-IV	vgood
J065142.50+004910.1	1089214110	102.927092	0.819487	51.48	A1	11854.1	36.6	0.032	0.852	0.052	4.068	B9 II-III  Si	good
J065155.08+113954.9	415707094	102.97954	11.665257	51.76	A5	9569.24	64.06	0.055	0.527	0.092	3.931	A7 V  SrEu	good
J065218.34+101233.2	1046907164	103.0764172	10.2092381	82.15	A1	9509.17	69.16	0.057	0.63	0.097	3.611	A0 IV-V  Si	good
J065236.40-012411.8	757306193	103.151668	-1.4033	77.77	A1							B9.5 II	vgood
J065240.96-010814.8	840306099	103.170706	-1.137448	60.25	A1							Unclassifiable	
J065309.52-004741.7	265706042	103.289681	-0.794939	118.06	A2							B9.5 II	vgood
J065332.44+044458.3	30001040	103.38517	4.7495552	87.11	A2	12129.8	41.01	0.034	0.905	0.057	3.875	B9.5 II-III  Si	vgood
J065335.32+011002.2	1089214146	103.397172	1.167305	61.89	A1	11558.5	38.32	0.033	0.615	0.054	3.951	Unclassifiable	
J065405.96-000928.2	1089210070	103.5248508	-0.1578392	60.33	A1	9812.64	57.43	0.049	0.334	0.082	3.537	B9.5 IV-V  Si	good
J065413.40+330001.7	170807167	103.55584	33.000494	64.02	A1	10099.7	76.29	0.065	0.52	0.108	3.569	Unclassifiable	
J065421.56+063548.1	615908202	103.5898458	6.5967146	141.03	A1							B5 IV	vgood
J065500.42+143935.3	84210175	103.75176	14.659808	186.36	A2							B8 IV  Si	vgood
J065509.52-031634.5	696613119	103.789707	-3.276253	148.13	A1	10701.3	18.21	0.013	-0.081	0.024	3.633	Unclassifiable	
J065650.57+024301.2	898108160	104.2107446	2.7170163	104.14	A1	9684.58	35.83	0.029	0.309	0.049	3.607	A0 III-IV  SrSi	vgood
J065657.15-013813.5	1187810208	104.2381445	-1.6370943	51.67	A1	11305.8	63.7	0.055	0.853	0.091	3.75	B9.5 III  Si	vgood
J065701.20-005852.9	255705242	104.2546944	-0.98136806	223.17	A1	11629.7	10.91	0.007	0.257	0.014	4.069	B9 III	vgood
J065718.29+172022.3	1067401077	104.3262244	17.3395494	82.65	A1	9829.2	37.27	0.031	0.349	0.052	3.553	B9 V  Si	good
J065721.23+172451.8	1067401082	104.3396972	17.41386889	314.18	A1	10314.1	71.89	0.04	0.644	0.089	3.519	B9 V  Si	good
J065804.86+274322.2	257601032	104.52025	27.722846	72.42	A7	7360.05	46.11	0.039	-0.314	0.065	3.978	kA4hA6mA8  SiEu	
J065848.22+015640.7	869311011	104.7009364	1.944656	73.61	A1	11640.6	32.97	0.028	0.712	0.046	4.196	B8 V  Si	vgood
J065853.59+012655.4	869315201	104.723327	1.44873	84.72	A1	11178.8	35.82	0.03	0.655	0.05	3.666	B9 IV  Si	vgood
J065936.95+134739.9	392011062	104.90399	13.794436	88.33	F0	7228.62	78.84	0.065	-0.228	0.11	4.1	kA2hA5mA8  SiEu	
J065950.73+073950.0	1186703069	104.9613918	7.6639004	251.19	A2							B9.5 IV-V  Si	vgood
J070017.84-022604.9	1187802208	105.0743688	-2.4347211	99.66	A5	11200.3	41.27	0.033	0.776	0.057	4.13	A1 II-III  (Sr)SiEu	vgood
J070048.61-011012.7	869305009	105.202569	-1.170213	86.91	A2	9368.18	59.14	0.049	-0.034	0.083	3.504	A0 V  Si	vgood
J070131.79+154048.3	84404055	105.38248	15.680101	88.75	A2	10675.3	68.44	0.056	0.835	0.095	3.552	B8 V  Si	vgood
J070136.90+102646.9	1223311019	105.4037576	10.4463674	98.17	A1							B8 V  Si	vgood
J070208.71+012937.9	1187811218	105.5363028	1.4938779	113.51	A1	11197.4	55.82	0.044	0.692	0.076	3.681	B9 III-IV  Si	vgood
J070255.58+012119.9	869309051	105.731613	1.355537	84.17	A1	9986.46	46.38	0.038	0.167	0.065	3.538	B9.5 IV  Si	good
J070302.69+090544.4	1223315143	105.7612198	9.0956782	227.27	A1							Unclassifiable	
J070304.82+063845.9	396301206	105.7701067	6.6460889	56.83	F0							kA3hA7mF0  SiEu	
J070419.94+090010.6	1223315136	106.0831209	9.0029627	272.21	A3							kA0hA1mA3  SiEu	
J070425.42+084030.5	1223304235	106.1059452	8.6751626	288.21	A1							B8 V  Si	vgood
J070448.45+083249.3	396304087	106.2018917	8.5470369	124.73	A1							B7 IV-V  Si	vgood
J070458.76+044221.5	814804187	106.2448736	4.7059825	70.28	A5	9342.53	42.72	0.036	0.669	0.06	4.24	A9 V  Sr	poor
J070459.52+365525.2	185003203	106.24804	36.923673	116.39	F0	6984.58	245.41	0.192	-0.336	0.335	4.014	F3 V Fe-0.5 (Sr)	good
J070532.68+293053.1	134615222	106.3862	29.514773	81.55	A1	11038.3	37.19	0.031	0.648	0.052	3.67	Unclassifiable	
J070556.11-015350.3	1173914016	106.4838086	-1.8973312	126.22	A1	9842.5	91.25	0.07	0.773	0.124	3.628	?? V	poor
J070608.65+005700.8	869313173	106.536067	0.950228	83.56	A2							A0 IV-V  SrSi	good
J070619.02+142039.2	84407188	106.57925	14.344228	53.67	F0	7147.81	54.37	0.047	-0.188	0.078	4.007	F2 V Sr Sr	vgood
J070639.20-030053.1	989015169	106.6633647	-3.0147744	157	A1	11997.1	37.44	0.027	0.833	0.049	4.195	kB9hA1mA2  Si	
J070737.87+041941.7	814804077	106.907811	4.328264	120.83	A1	11556.3	52.03	0.04	0.948	0.071	3.815	B8 III  Si	fair
J070915.71+241321.1	1109713084	107.315462	24.2225523	116.98	A1	11313.1	60.26	0.047	0.731	0.082	3.563	F0 mA0 V Lam Boo	
J070934.29+120206.4	656302017	107.3928869	12.0351331	67.68	A5							A0 III-IV  SrSiEu	good
J070945.26+093034.2	396313246	107.4385922	9.5095133	65.07	A5							A0 III-IV  SrSiEu	good
J071026.62-024253.9	939411226	107.61093	-2.714983	89.63	A2	9592.3	54.01	0.044	0.611	0.075	3.647	A0 IV-V  SrSiEu	vgood
J071040.94+083053.3	960605145	107.67059	8.5148188	129.48	A1	9423.19	62.6	0.048	0.667	0.085	3.546	B9 V  Si	good
J071112.84+104959.5	525611066	107.80354	10.833222	135.38	F0	7110.29	353.08	0.266	0.173	0.474	3.393	kA2hA5mA9  SiEu	
J071122.01+073107.6	369614200	107.8417297	7.5188014	102.73	A5	9320.62	84.68	0.068	0.916	0.117	3.878	A1 III-IV  SrSiEu	good
J071128.77+121116.9	656302075	107.869875	12.1880461	133.98	F0	7225.82	217.97	0.164	0.167	0.293	3.67	kA3hA9mA8  SiEu	
J071128.77+121117.0	128702071	107.86989	12.188056	51.69	F0	7261.32	103.47	0.089	0.177	0.148	3.699	kA3hA9mA8  SiEu	
J071129.97+162328.4	300904187	107.87488	16.391237	72.38	F0	7096.66	90.18	0.076	-0.272	0.127	3.884	kA4hF2mF2  Eu	
J071148.64+222615.6	210003213	107.9527	22.437694	52.99	F0	7164.98	57.81	0.05	-0.581	0.083	4.055	F1 V Fe-0.9 (Sr)	vgood
J071241.46+073928.4	769314152	108.17276	7.65789	365.77	A1	12856.5	11.85	0.007	0.788	0.015	4.074	kA2hF4mG6	
J071306.92-022604.0	939412133	108.278869	-2.434461	115.49	A3	9938.91	86.72	0.068	0.924	0.118	3.754	kA2hA7mA7  SiEu	
J071309.21-020821.5	336012241	108.288406	-2.139323	52.67	A5	9396.69	84.11	0.073	0.735	0.12	3.631	A0 IV-V  SrSi	good
J071442.47+122207.0	656301140	108.6769725	12.3686206	169.92	F0	7481.37	89.37	0.062	0.008	0.116	3.895	kA2hA7mF0  SiEu	
J071630.50+151912.3	656309083	109.1270883	15.3200986	240.54	A7							A1 IV  SrSiEu	good
J071640.79+013150.7	724615158	109.1699803	1.5307639	139.4	A2							kA2hA3mK2	
J071704.03-042814.5	989006035	109.26785	-4.47034	147.14	A1							B9 III  Si	vgood
J071740.58-015230.6	269001048	109.418988	-1.875821	173.68	A2	9387.02	21.3	0.015	-0.057	0.028	3.512	A0 IV  Si	vgood
J071801.00-003515.8	88610129	109.50417	-0.58773	52.47	A7	8613.78	86.47	0.075	0.908	0.123	4.06	A9 V  SrSiEu	good
J071919.73-011906.1	88710027	109.83223	-1.318362	116.9	F0	7268.77	91.75	0.072	-0.037	0.125	3.91	F0 V Sr Sr	good
J071922.99+002413.2	724604058	109.8457994	0.4036753	63.64	A2							B9 V  Si	fair
J072200.94+160203.1	397614141	110.50393	16.034211	52.68	F0							kA5hA9mF0  SiEu	
J072234.69+100212.9	129203040	110.64455	10.036929	55.16	A5	8883.49	72.57	0.063	0.897	0.103	4.315	A1 III-IV  SrSiEu	good
J072318.92+264007.2	133810016	110.82886	26.668672	63.42	F0	7060.82	100.33	0.086	-0.296	0.142	3.891	kA3hA7mF0  SiEu	
J072431.53-050714.9	939702155	111.1314069	-5.12082	65.73	A1	8860.35	46.06	0.039	0.373	0.065	3.692	A1 IV-V  SrSi	good
J072551.05-051713.7	1097501221	111.462724	-5.287155	65.78	A1	10221.8	65.65	0.056	0.541	0.093	3.514	B9 V  Si	vgood
J072607.20+332559.5	129808084	111.53001	33.433195	52.74	A1	9458.71	52.02	0.045	0.228	0.074	3.557	kB7hB9mA0  Si	
J072617.40+072209.8	769413208	111.57254	7.3694031	53	A5	7571.82	52.82	0.046	-0.294	0.075	4.01	kA2hF0mA6	
J072833.25+561753.5	327009066	112.1385711	56.2982061	117.87	A7	8850.93	33.41	0.026	0.471	0.046	4.429	A6 III-IV  SrSiEu	vgood
J072930.65+105323.5	379211135	112.3777397	10.8898669	258.06	A5	9266.83	30.8	0.017	0.511	0.038	4.087	A1 IV  SrSi	vgood
J073051.18-004609.9	436212233	112.713262	-0.769433	94.99	A1	9134.23	80.11	0.065	0.905	0.111	4.123	A0 IV-V  SrSiEu	good
J073127.88+021937.3	600415019	112.8661889	2.3270463	74.86	A6	8828.9	80.75	0.068	0.75	0.114	3.824	A7 V  SrSiEu	good
J073225.05+084143.7	129407225	113.10439	8.6954835	55.58	A5							kA2hA4mA7  SiEu	
J073618.48+424457.5	1204001032	114.0772279	42.75026163	127.74	A1	12043.4	30.95	0.024	0.802	0.042	3.877	B8 IV  Si	vgood
J074006.58+011403.2	600513059	115.027444	1.234234	68.35	F0	7261.62	63.15	0.053	0.23	0.089	3.858	kA4hA9mF0	
J074022.75+562116.5	223616195	115.0948	56.354584	66.81	F0	6964.64	58.22	0.049	-0.11	0.082	3.93	kA3hA7mF0  SiEu	
J074022.75+562116.4	380105171	115.0948019	56.3545739	249.26	F0	6960.53	45.81	0.026	0.006	0.056	3.943	F3 V Sr	vgood
J074858.51-024444.2	275407069	117.243816	-2.745631	77.64	A7	8766.76	42.53	0.036	0.308	0.06	3.964	A7 Vn	vgood
J075008.75+324413.8	208307177	117.53648	32.737176	268.72	A7	7321.39	35	0.019	-0.397	0.043	4.014	kA3hA5mA7  SiEu	
J075228.52+151410.2	864109023	118.1188375	15.2361917	60.71	A5							kA0hA3mA9  SiEu	
J075341.13+012524.8	263901101	118.421402	1.423568	64.4	A5	8909.05	32.08	0.027	0.559	0.045	4.29	kA3hA6mA8  Eu	
J075601.68+223633.4	190414035	119.00702	22.609304	50.05	A5	9737.37	66.01	0.057	0.897	0.094	4.278	A1 III-IV  SrSiEu	good
J075856.08+000845.6	1069116102	119.733685	0.14601	54.64	A5	9139.91	52.37	0.045	0.679	0.075	3.899	A2 IV-V  SrSiEu	good
J080739.57+274956.5	602711159	121.9149131	27.8323722	79.61	F0							kA6hA8mF0  SiEu	
J080812.63+271702.8	602711096	122.0526356	27.2841353	146.23	A5	7377.65	143.84	0.106	-0.187	0.191	3.879	kA3hA5mA7  SiEu	
J080818.28-033208.6	181004130	122.07617	-3.5357297	144.25	F0							A1 III-IV  SrSiEu	good
J081222.37-070001.9	93604117	123.09321	-7.0005406	52.38	F0	7287.12	55.48	0.048	0.183	0.079	3.915	kA3hA9mA8  SrEu	
J081800.60+081048.9	215607082	124.50254	8.1802501	68.66	A7	9148.19	73.43	0.062	0.876	0.104	4.375	kA3hA7mA9  SiEu	
J081925.98+134249.8	19512062	124.8582625	13.7138389	83.86	F0	7502.22	219.32	0.182	0.485	0.307	3.675	kA3hA5mA8  SiEu	
J082051.69+023315.8	336503051	125.2153792	2.5543917	229.49	A5	7262.66	99.74	0.059	-0.291	0.123	3.981	kA2hA9mA9  SiEu	
J082539.06+014831.5	796105158	126.4127667	1.80875	131.68	F0	7490.29	131.41	0.1	-0.012	0.177	3.759	kA3hA6mA8  SiEu	
J083720.96+512431.2	278112187	129.337374	51.408694	72.98	F0	7376.16	96.06	0.081	0.152	0.135	3.935	kA4hA9mF0  SiEu	
J083804.76+101114.7	1085607089	129.5198523	10.1874205	147.58	A5	7352.14	139.67	0.102	-0.207	0.186	4.121	kA1hA4mA8  SiEu	
J084444.62+100440.3	420801032	131.185922	10.077881	85.92	A2							kB9hA3mA9  Si	
J084530.73+622859.0	1224102108	131.3780687	62.4830773	417.08	A1							B8 IV  Si	vgood
J092000.57+181856.3	200913224	140.00238	18.315662	218.92	A5	7111.48	70.2	0.042	-0.306	0.088	3.834	kA0hA3mA7  Eu	
J103344.82+024724.3	230012100	158.436563	2.790074	168.75	F0	7160.48	66.52	0.046	-0.129	0.087	4.064	kA3hA6mA8  SiEu	
J104851.80+144222.9	1109215097	162.2158542	14.7063639	88.67	A5	9015.62	79.36	0.065	0.922	0.111	3.746	A1 IV-V  SrSi	good
J105434.62+643358.7	1170308118	163.6442692	64.5663217	495.82	A6							A1 IV-V  SrSiEu	good
J160410.81+062705.4	999615094	241.0450427	6.4515268	124.56	A5	7443.69	58.75	0.045	-0.442	0.08	4.041	kA2hA3mA7  Eu	
J164755.42-054354.7	554205083	251.9809363	-5.7318789	132.37	A7	8751.96	80.68	0.061	0.878	0.109	4.284	kA4hA6mA8  SiEu	
J170817.19+301029.3	902009161	257.070088	30.174824	110.08	A1	9854.26	63.91	0.051	0.657	0.088	3.509	kB7hB9mA0  Si	
J180536.48+051451.9	347805097	271.40201	5.247762	95.39	F0	7638.26	101.79	0.083	0.386	0.141	3.82	A9 mA3 metal weak	
J184446.46+062733.0	573504197	281.193616	6.459193	101.51	F0							F0 V  SrSi	good
J190243.98+342300.8	574208071	285.683274	34.3835686	155.45	A2	12166.3	21.76	0.016	0.477	0.029	4.086	B7 V  Si	vgood
J190309.65+184417.7	911404082	285.7902125	18.7382528	365.37	F0							kA3hA8mF0	
J190812.85+482935.3	1016804088	287.053558	48.49315	74.01	A1	11885.9	41.29	0.035	0.725	0.058	3.844	B9 III-IV  Si	fair
J192507.26+393724.1	580504203	291.280267	39.623381	50.06	A5	9188.85	62.61	0.054	0.726	0.09	4.037	A7 V  SrSi	good
J193723.39+382013.3	373101095	294.34747	38.33704	100.68	F0	7668.23	55.27	0.045	0.116	0.076	4.044	kA4hA7mF0  SiEu	
J194456.13+393336.3	367702019	296.23389	39.560089	50.45	A5	9316.96	55.6	0.048	0.633	0.08	3.74	A4 V  SrSiEu	vgood
J194502.63+135357.2	575303139	296.260983	13.899225	60.51	A7	9196.35	74.17	0.063	0.675	0.105	3.928	F0 V  SrSiEu	good
J194522.53+365548.8	1138713083	296.3439031	36.9302332	761.84	A1	12358.1	10.87	0.006	0.689	0.013	3.976	Unclassifiable	
J194643.15+274849.4	911203234	296.679792	27.813737	137.32	A1	12674.4	47.19	0.035	0.931	0.063	3.967	B9 II-III  Si	vgood
J194918.84+293136.9	911215167	297.328508	29.526922	107.56	A1							A0 IV  Si	vgood
J195111.98+420626.4	162204213	297.799917	42.107361	72.01	A5	8888.97	47.02	0.04	0.078	0.066	3.737	A1 IV-V  SrSi	vgood
J195223.44+384954.1	1246314059	298.0977051	38.8317149	492.79	A1							B9.5 IV-V  Si	good
J195229.82+363125.1	1246302014	298.1242833	36.5236643	152.27	A1							B9 V  Si	vgood
J195655.55+380021.2	1016206228	299.23148	38.005891	65.31	A1	10549.3	68.38	0.058	0.817	0.097	3.609	B9 IV-V  Si	good
J195743.48+394832.2	1016212157	299.43118	39.808948	79.78	A2							A0 V  SrSi	good
J195921.71+352046.3	469801152	299.8404931	35.3462203	58.88	A2	11003.4	74.93	0.064	0.911	0.107	3.7	B9 III-IV  Si	good
J200222.61+373328.3	1246304026	300.5942087	37.5578885	148.88	A2							A0 II  SrSiEu	vgood
J200227.63+161946.4	1046711065	300.615147	16.329582	142.4	A1	11812.1	33.08	0.024	0.864	0.044	3.819	B8 V  Si	vgood
J200318.93+355003.1	1246301034	300.8288762	35.8342071	635.96	A1							B8 IV  Si	vgood
J200437.35+371341.0	1246308154	301.1556631	37.2280613	999	A1							B8 IV  Si	vgood
J200517.28+350621.5	469807240	301.322041	35.105988	107.95	A1							Unclassifiable	
J200553.74+362630.2	1246308219	301.4739444	36.4417337	160.29	A1							kB9hA0mA2  Si	
J200600.39+361136.9	469806237	301.5016531	36.1936097	156.59	F0							F0 V  SrEu	good
J200720.53+395526.8	1246311147	301.8355719	39.924126	401.48	A1							kA0hA1mA2  Si	
J200741.87+392904.0	1246312058	301.9244761	39.4844655	675.69	A2							A0 IV  Si	vgood
J200801.69+382358.1	1246309048	302.0070424	38.3994772	298.42	A1							A0 II  Si	good
J201039.63+365652.4	1246306012	302.6651309	36.9478989	255.57	A2							B8 IV  Si	vgood
J201146.53+365412.5	1246306188	302.943905	36.9034771	213.51	A1							Unclassifiable	
J201240.94+364250.0	1246306120	303.1705903	36.7138993	234.86	A1							B8 IV  Si	vgood
J201251.22+240948.9	577012249	303.2134203	24.163596	124.38	A3	12030.6	35.62	0.027	0.897	0.048	4.143	K5 ?	poor
J202313.35+321805.7	1143210107	305.8056519	32.3016056	511.04	A1	12677.9	15.04	0.008	0.859	0.019	4.05	B8 IV  Si	vgood
J202313.41+324721.4	1143210093	305.8059088	32.7892912	320.38	A1							B9.5 III-IV  Si	good
J202332.28+315931.9	1143202062	305.8845153	31.9922152	132.28	A1	12228.2	30.36	0.023	0.825	0.041	3.954	B8 IV  Si	vgood
J202457.98+325051.4	1143203153	306.2416048	32.8476212	100.55	A1	9838.84	50.83	0.041	0.115	0.07	3.52	A0 IV-V  Si	vgood
J202944.73+322525.7	1143205245	307.4364073	32.4238261	115.97	A1	11706.9	54.71	0.043	0.842	0.075	3.614	B8 III-IV  Si	good
J203044.52+330328.8	1143204138	307.6855121	33.0580145	94.99	A1	12160.9	33.76	0.027	0.604	0.047	4.059	B8 V  Si	good
J203552.41+374131.4	248106012	308.968416	37.692075	77.04	A2	10522.6	30.3	0.025	0.403	0.043	3.65	B9 IV  Si	vgood
J203659.02+343118.9	1143212076	309.2459347	34.5219437	146.68	A1							Unclassifiable	
J204152.00+494057.4	361813093	310.4666922	49.6826372	81.93	A5	9361.18	61.84	0.051	0.796	0.087	4.3	A0 IV-V  SrSiEu	good
J204641.44+300205.0	475203114	311.672699	30.034732	127.86	A1	9960.32	142.62	0.109	0.735	0.193	3.515	B9 V  Si	good
J205131.20+182331.0	841510166	312.880027	18.391965	211.92	F0	6854.2	32.79	0.02	-0.484	0.041	4.205	kA3hA6mA9  Eu	
J205739.27+350731.5	1145514139	314.4136651	35.1254389	315.73	A5							kA2hA5mA7  SiEu	
J205817.54+361430.5	373009018	314.5731147	36.2418308	112.71	A6	8846.51	61.65	0.049	0.785	0.084	3.992	kA4hA7mA8  SiEu	
J205917.54+431444.1	587908022	314.8231	43.245606	120.2	A2	11448.9	40.44	0.031	0.743	0.055	4.102	B8 IV  Si	vgood
J210203.41+185852.8	841504103	315.5142094	18.9813392	288.1	F0							kA3hA7mF1  SiEu	
J210230.37+001019.3	370301047	315.6265458	0.17205	60.03	F0	6797.73	86.5	0.074	-0.395	0.123	3.954	kA3hA5mF0  SiEu	
J210713.40+322951.1	1145501196	316.8058499	32.4975347	274.25	A1							Unclassifiable	
J210902.12+323223.1	1145501180	317.2588504	32.5397738	155.54	A1	11400.6	49.3	0.035	0.824	0.065	3.936	B9.5 III-IV  Si	good
J211407.24+342017.7	1145506083	318.5301935	34.3382516	615.32	A1	11734.3	15.09	0.008	0.585	0.019	3.579	Unclassifiable	
J212137.23+420422.7	255310004	320.405141	42.072986	59.94	F0	7379.08	159.78	0.137	0.547	0.227	3.683	kA2hA5mA8  SiEu	
J212303.67+122151.3	260814075	320.7653064	12.3642739	164.6	F0	7190.23	266.92	0.187	0.108	0.349	3.642	kA3hF2mF2  Eu	
J212526.87+323226.2	1048410196	321.3619639	32.5406338	179.2	A1	11912.9	29.14	0.02	0.937	0.038	3.89	B9.5 III	good
J212648.99+443244.5	255316238	321.7041422	44.5457114	75.76	A5	9283.08	84.7	0.071	0.884	0.119	3.663	A0 IV  SrSiEu	good
J212836.69+371529.4	471208246	322.152902	37.258189	184.91	A5	8865.89	48.45	0.032	0.279	0.062	3.69	A5 IV-V  Si	vgood
J213414.43+424239.1	172216114	323.560154	42.710883	263.2	A1							B5 IV-V  Si	vgood
J213708.91+421717.7	255308032	324.287132	42.28826	59.45	A5	10100.7	75.81	0.065	0.826	0.108	3.843	B9.5 IV  Si	good
J213851.85+402715.2	172205101	324.716057	40.454233	98.16	F0	7054.61	43.05	0.035	0.119	0.06	3.957	F2 V Sr Sr	good
J214100.32+371632.2	473304040	325.2513356	37.2756231	96.1	F0	7260.45	67.64	0.055	-0.01	0.094	3.857	kA3hA7mF0  SiEu	
J214133.27+484922.8	1047115033	325.38865	48.823001	65.89	A2	9361.37	65.33	0.056	0.622	0.093	3.565	A0 IV  (Sr)Si	good
J214602.59+544230.1	837614212	326.510823	54.708388	103.78	A1	12219.5	50.5	0.04	0.969	0.07	3.819	B8 IV  Si	good
J215713.35+142144.8	378803109	329.305654	14.362449	85.57	F0	7622.16	279.21	0.231	0.297	0.39	3.511	kA2hA5mA8  SiEu	
J220958.54+515550.8	1159214153	332.4939275	51.9308037	142.27	A1							A0 II  SrSi	vgood
J221316.77+502829.2	1146310118	333.3198768	50.4747999	92.12	A1							kA0hA2mA5  Si	
J221343.92+523856.4	1159216078	333.433011	52.6490114	59.17	A1							kB8hA1mA5  SiEu	
J221541.20+524944.5	1159216135	333.921705	52.8290338	142.87	A1							A0 III  Si	vgood
J221747.63+531008.7	1146316036	334.4484801	53.1690973	75.91	A1							B9.5 IV  Si	vgood
J225119.98+554414.6	275002187	342.833261	55.737401	67.9	A2							B9 II-III	vgood
J225212.89+561124.2	275010154	343.053738	56.190064	52.79	A5	9313.05	58.36	0.05	0.82	0.083	4.132	A1 IV-V  SrSiEu	good
J230336.82+584717.0	275011058	345.903443	58.78807	190.64	A1	12069.4	12.23	0.008	0.433	0.016	4.02	B8 IV-V  Si	vgood
J230415.79+581745.8	270409108	346.0658228	58.2960714	81.01	A1	9983.91	42.27	0.035	0.439	0.059	3.586	B9 V  Si	vgood
J230919.43+420034.0	855302230	347.330967	42.009467	117.11	F0							kA3hA7mA8  Si	
J230946.20+314921.4	370913080	347.442528	31.82263	138.75	A5	9189.04	91.27	0.068	0.884	0.122	4.153	A1 IV  SrSiEu	good
J231315.03+455021.0	855311126	348.313096	45.840289	97.18	A2	10258.7	44.12	0.036	0.692	0.061	3.696	A1 V  SrSi	vgood
J231551.45+455315.8	855311218	348.964404	45.887741	185.75	A1	10199.5	47.72	0.032	0.319	0.061	3.527	B9 V  Si	vgood
J232338.67+492340.1	469209162	350.9111567	49.3944925	131.1	F0							A9 V  SrSiEu	good
J232514.22+394024.3	482509062	351.309253	39.673418	78.82	F0	7292.33	113.25	0.095	-0.038	0.159	3.85	kA3hA7mA9  SiEu	
J232736.65+485243.2	1049102048	351.9027167	48.8786722	67.48	A5	9706.93	88.34	0.075	0.864	0.125	4.266	A2 III-IV  SrSiEu	good
J233030.57+552828.4	392508011	352.627405	55.474568	82.68	F0	7302.65	41.93	0.035	-0.315	0.059	4.074	F0 mA5 metal weak	
J233940.94+521202.8	689012060	354.92061	52.200796	268.17	A2	11330.9	57.56	0.032	0.977	0.071	3.778	M2 III-IV	poor
J234035.36+625120.8	1169814064	355.1473355	62.855797	155.77	A1							B9.5 IV-V  Si	good
J234322.43+632532.9	1169816097	355.8434975	63.4258129	259.28	A1							B9 IV  Si	vgood
J234602.85+675259.4	1170716144	356.5119002	67.8831746	181.9	A1							B9 V  Si	vgood
J234629.78+623717.4	1146714101	356.6240883	62.6215017	53.52	A1	10868.2	34.09	0.029	0.455	0.049	3.696	A0 III  Si	good
J234706.60+711640.1	1171402112	356.7775087	71.277815	137.08	A1							B9 II-III  Si	vgood
J234714.71+623751.7	1146714120	356.8113012	62.6310336	50.19	A1	9747.2	46.71	0.04	0.187	0.067	3.516	A0 III-IV  Si	good
J234819.92+615209.5	1146703038	357.0830412	61.8693219	109.61	A1	10694.3	38.3	0.03	0.412	0.053	3.587	A0 III	vgood
J234842.73+610140.0	1169802060	357.1780455	61.027778	104.06	A1							Unclassifiable	
J235219.97+625441.7	1146715122	358.0832135	62.9115844	97.61	A1	12213.2	30.13	0.024	0.835	0.042	4.032	kA0hF1mG1	
J235232.85+621104.8	1146703091	358.1369154	62.1846868	58.22	A3							kA0hA2mA3  Si	
J235243.99+614115.2	1146703012	358.1832978	61.687577	107.28	A5							kA0hA3mA8  Si	
J235249.42+613310.1	1146703017	358.2059321	61.5528159	83.17	A1	12039.7	43.21	0.036	0.901	0.061	3.925	B9 III  Si	vgood
J235405.32+661651.1	1170703085	358.5221944	66.2808865	315.37	A1							B9 V  Si	vgood
J235446.69+613551.2	1146703204	358.6945757	61.5975611	153.91	A1	12366.9	29.14	0.021	0.834	0.038	3.942	A0 II-III  Si	vgood
J235521.17+624326.8	1146703128	358.8382137	62.7241316	50.77	A3	11660	43.43	0.038	0.85	0.062	3.917	A0 II-III  SrSi	vgood
J235709.82+735350.6	1171415142	359.2909297	73.8973967	276.12	A1							Unclassifiable	
J235830.97+524350.8	250915152	359.62907	52.730781	71.63	A1							kA0hA8mA5  Eu	
